report_date,location,location_type,data_field,data_field_code,time_period,time_period_type,value,unit
2015-11-28,El_Salvador-Ahuachapan,department,cumulative_suspected_total,SV0010,NA,NA,4,cases
2015-11-28,El_Salvador-Cabanas,department,cumulative_suspected_total,SV0010,NA,NA,3,cases
2015-11-28,El_Salvador-Chalatenango,department,cumulative_suspected_total,SV0010,NA,NA,8,cases
2015-11-28,El_Salvador-Cuscatlan,department,cumulative_suspected_total,SV0010,NA,NA,4,cases
2015-11-28,El_Salvador-La_Libertad,department,cumulative_suspected_total,SV0010,NA,NA,61,cases
2015-11-28,El_Salvador-La_Paz,department,cumulative_suspected_total,SV0010,NA,NA,1,cases
2015-11-28,El_Salvador-La_Union,department,cumulative_suspected_total,SV0010,NA,NA,4,cases
2015-11-28,El_Salvador-Morazan,department,cumulative_suspected_total,SV0010,NA,NA,4,cases
2015-11-28,El_Salvador-San_Miguel,department,cumulative_suspected_total,SV0010,NA,NA,16,cases
2015-11-28,El_Salvador-San_Salvador,department,cumulative_suspected_total,SV0010,NA,NA,551,cases
2015-11-28,El_Salvador-San_Vicente,department,cumulative_suspected_total,SV0010,NA,NA,38,cases
2015-11-28,El_Salvador-Santa_Ana,department,cumulative_suspected_total,SV0010,NA,NA,9,cases
2015-11-28,El_Salvador-Sonsonate,department,cumulative_suspected_total,SV0010,NA,NA,3,cases
2015-11-28,El_Salvador-Usulutan,department,cumulative_suspected_total,SV0010,NA,NA,28,cases
2015-11-28,El_Salvador,country,cumulative_suspected_total,SV0010,NA,NA,851,cases
2015-11-28,El_Salvador-La_Libertad,department,cumulative_suspected_pregnant,SV0011,NA,NA,1,cases
2015-11-28,El_Salvador-San_Salvador,department,cumulative_suspected_pregnant,SV0011,NA,NA,2,cases
2015-11-28,El_Salvador,country,cumulative_suspected_pregnant,SV0011,NA,NA,3,cases2015-12-05,El_Salvador-Ahuachapan,department,cumulative_suspected_total,SV0010,NA,NA,5,cases
2015-12-05,El_Salvador-Cabanas,department,cumulative_suspected_total,SV0010,NA,NA,8,cases
2015-12-05,El_Salvador-Chalatenango,department,cumulative_suspected_total,SV0010,NA,NA,15,cases
2015-12-05,El_Salvador-Cuscatlan,department,cumulative_suspected_total,SV0010,NA,NA,6,cases
2015-12-05,El_Salvador-La_Libertad,department,cumulative_suspected_total,SV0010,NA,NA,70,cases
2015-12-05,El_Salvador-La_Paz,department,cumulative_suspected_total,SV0010,NA,NA,1,cases
2015-12-05,El_Salvador-La_Union,department,cumulative_suspected_total,SV0010,NA,NA,7,cases
2015-12-05,El_Salvador-Morazan,department,cumulative_suspected_total,SV0010,NA,NA,8,cases
2015-12-05,El_Salvador-San_Miguel,department,cumulative_suspected_total,SV0010,NA,NA,20,cases
2015-12-05,El_Salvador-San_Salvador,department,cumulative_suspected_total,SV0010,NA,NA,584,cases
2015-12-05,El_Salvador-San_Vicente,department,cumulative_suspected_total,SV0010,NA,NA,86,cases
2015-12-05,El_Salvador-Santa_Ana,department,cumulative_suspected_total,SV0010,NA,NA,11,cases
2015-12-05,El_Salvador-Sonsonate,department,cumulative_suspected_total,SV0010,NA,NA,4,cases
2015-12-05,El_Salvador-Usulutan,department,cumulative_suspected_total,SV0010,NA,NA,39,cases
2015-12-05,El_Salvador,country,cumulative_suspected_total,SV0010,NA,NA,864,cases
2015-12-05,El_Salvador,country,cumulative_suspected_age_under_1,SV0001,NA,NA,9,cases
2015-12-05,El_Salvador,country,cumulative_suspected_age_1-4,SV0002,NA,NA,27,cases
2015-12-05,El_Salvador,country,cumulative_suspected_age_5-9,SV0003,NA,NA,47,cases
2015-12-05,El_Salvador,country,cumulative_suspected_age_10-19,SV0004,NA,NA,39,cases
2015-12-05,El_Salvador,country,cumulative_suspected_age_20-29,SV0005,NA,NA,190,cases
2015-12-05,El_Salvador,country,cumulative_suspected_age_30-39,SV0006,NA,NA,221,cases
2015-12-05,El_Salvador,country,cumulative_suspected_age_40-49,SV0007,NA,NA,181,cases
2015-12-05,El_Salvador,country,cumulative_suspected_age_50-59,SV0008,NA,NA,104,cases
2015-12-05,El_Salvador,country,cumulative_suspected_age_60_plus,SV0009,NA,NA,46,cases
2015-12-05,El_Salvador-La_Libertad,department,cumulative_suspected_pregnant,SV0011,NA,NA,1,cases
2015-12-05,El_Salvador-San_Salvador,department,cumulative_suspected_pregnant,SV0011,NA,NA,4,cases
2015-12-05,El_Salvador,country,cumulative_suspected_pregnant,SV0011,NA,NA,5,cases2015-12-12,El_Salvador-Ahuachapan,department,cumulative_suspected_total,SV0010,NA,NA,18,cases
2015-12-12,El_Salvador-Cabanas,department,cumulative_suspected_total,SV0010,NA,NA,21,cases
2015-12-12,El_Salvador-Chalatenango,department,cumulative_suspected_total,SV0010,NA,NA,27,cases
2015-12-12,El_Salvador-Cuscatlan,department,cumulative_suspected_total,SV0010,NA,NA,22,cases
2015-12-12,El_Salvador-La_Libertad,department,cumulative_suspected_total,SV0010,NA,NA,174,cases
2015-12-12,El_Salvador-La_Paz,department,cumulative_suspected_total,SV0010,NA,NA,28,cases
2015-12-12,El_Salvador-La_Union,department,cumulative_suspected_total,SV0010,NA,NA,9,cases
2015-12-12,El_Salvador-Morazan,department,cumulative_suspected_total,SV0010,NA,NA,22,cases
2015-12-12,El_Salvador-San_Miguel,department,cumulative_suspected_total,SV0010,NA,NA,38,cases
2015-12-12,El_Salvador-San_Salvador,department,cumulative_suspected_total,SV0010,NA,NA,1113,cases
2015-12-12,El_Salvador-San_Vicente,department,cumulative_suspected_total,SV0010,NA,NA,145,cases
2015-12-12,El_Salvador-Santa_Ana,department,cumulative_suspected_total,SV0010,NA,NA,34,cases
2015-12-12,El_Salvador-Sonsonate,department,cumulative_suspected_total,SV0010,NA,NA,9,cases
2015-12-12,El_Salvador-Usulutan,department,cumulative_suspected_total,SV0010,NA,NA,56,cases
2015-12-12,El_Salvador,country,cumulative_suspected_total,SV0010,NA,NA,1716,cases
2015-12-12,El_Salvador,country,cumulative_suspected_age_under_1,SV0001,NA,NA,26,cases
2015-12-12,El_Salvador,country,cumulative_suspected_age_1-4,SV0002,NA,NA,48,cases
2015-12-12,El_Salvador,country,cumulative_suspected_age_5-9,SV0003,NA,NA,71,cases
2015-12-12,El_Salvador,country,cumulative_suspected_age_10-19,SV0004,NA,NA,19,cases
2015-12-12,El_Salvador,country,cumulative_suspected_age_20-29,SV0005,NA,NA,394,cases
2015-12-12,El_Salvador,country,cumulative_suspected_age_30-39,SV0006,NA,NA,450,cases
2015-12-12,El_Salvador,country,cumulative_suspected_age_40-49,SV0007,NA,NA,351,cases
2015-12-12,El_Salvador,country,cumulative_suspected_age_50-59,SV0008,NA,NA,197,cases
2015-12-12,El_Salvador,country,cumulative_suspected_age_60_plus,SV0009,NA,NA,83,cases
2015-12-12,El_Salvador-Chalatenango,department,cumulative_suspected_pregnant,SV0011,NA,NA,1,cases
2015-12-12,El_Salvador-La_Libertad,department,cumulative_suspected_pregnant,SV0011,NA,NA,2,cases
2015-12-12,El_Salvador-San_Salvador,department,cumulative_suspected_pregnant,SV0011,NA,NA,16,cases
2015-12-12,El_Salvador-San_Vicente,department,cumulative_suspected_pregnant,SV0011,NA,NA,2,cases
2015-12-12,El_Salvador,country,cumulative_suspected_pregnant,SV0011,NA,NA,21,cases2015-12-19,El_Salvador-Ahuachapan,department,cumulative_suspected_total,SV0010,NA,NA,27,cases
2015-12-19,El_Salvador-Cabanas,department,cumulative_suspected_total,SV0010,NA,NA,36,cases
2015-12-19,El_Salvador-Chalatenango,department,cumulative_suspected_total,SV0010,NA,NA,58,cases
2015-12-19,El_Salvador-Cuscatlan,department,cumulative_suspected_total,SV0010,NA,NA,33,cases
2015-12-19,El_Salvador-La_Libertad,department,cumulative_suspected_total,SV0010,NA,NA,316,cases
2015-12-19,El_Salvador-La_Paz,department,cumulative_suspected_total,SV0010,NA,NA,60,cases
2015-12-19,El_Salvador-La_Union,department,cumulative_suspected_total,SV0010,NA,NA,13,cases
2015-12-19,El_Salvador-Morazan,department,cumulative_suspected_total,SV0010,NA,NA,53,cases
2015-12-19,El_Salvador-San_Miguel,department,cumulative_suspected_total,SV0010,NA,NA,51,cases
2015-12-19,El_Salvador-San_Salvador,department,cumulative_suspected_total,SV0010,NA,NA,1692,cases
2015-12-19,El_Salvador-San_Vicente,department,cumulative_suspected_total,SV0010,NA,NA,221,cases
2015-12-19,El_Salvador-Santa_Ana,department,cumulative_suspected_total,SV0010,NA,NA,130,cases
2015-12-19,El_Salvador-Sonsonate,department,cumulative_suspected_total,SV0010,NA,NA,14,cases
2015-12-19,El_Salvador-Usulutan,department,cumulative_suspected_total,SV0010,NA,NA,69,cases
2015-12-19,El_Salvador,country,cumulative_suspected_total,SV0010,NA,NA,2773,cases
2015-12-19,El_Salvador,country,cumulative_suspected_age_under_1,SV0001,NA,NA,53,cases
2015-12-19,El_Salvador,country,cumulative_suspected_age_1-4,SV0002,NA,NA,82,cases
2015-12-19,El_Salvador,country,cumulative_suspected_age_5-9,SV0003,NA,NA,98,cases
2015-12-19,El_Salvador,country,cumulative_suspected_age_10-19,SV0004,NA,NA,144,cases
2015-12-19,El_Salvador,country,cumulative_suspected_age_20-29,SV0005,NA,NA,661,cases
2015-12-19,El_Salvador,country,cumulative_suspected_age_30-39,SV0006,NA,NA,728,cases
2015-12-19,El_Salvador,country,cumulative_suspected_age_40-49,SV0007,NA,NA,560,cases
2015-12-19,El_Salvador,country,cumulative_suspected_age_50-59,SV0008,NA,NA,312,cases
2015-12-19,El_Salvador,country,cumulative_suspected_age_60_plus,SV0009,NA,NA,135,cases
2015-12-19,El_Salvador-La_Libertad,department,cumulative_suspected_pregnant,SV0011,NA,NA,5,cases
2015-12-19,El_Salvador-San_Salvador,department,cumulative_suspected_pregnant,SV0011,NA,NA,25,cases
2015-12-19,El_Salvador-Chalatenango,department,cumulative_suspected_pregnant,SV0011,NA,NA,3,cases
2015-12-19,El_Salvador-San_Vicente,department,cumulative_suspected_pregnant,SV0011,NA,NA,3,cases
2015-12-19,El_Salvador-La_Paz,department,cumulative_suspected_pregnant,SV0011,NA,NA,1,cases
2015-12-19,El_Salvador-Ahuachapan,department,cumulative_suspected_pregnant,SV0011,NA,NA,1,cases
2015-12-19,El_Salvador,country,cumulative_suspected_pregnant,SV0011,NA,NA,38,cases2015-12-27,El_Salvador-Ahuachapan,department,cumulative_suspected_total,SV0010,NA,NA,40,cases
2015-12-27,El_Salvador-Cabanas,department,cumulative_suspected_total,SV0010,NA,NA,54,cases
2015-12-27,El_Salvador-Chalatenango,department,cumulative_suspected_total,SV0010,NA,NA,136,cases
2015-12-27,El_Salvador-Cuscatlan,department,cumulative_suspected_total,SV0010,NA,NA,71,cases
2015-12-27,El_Salvador-La_Libertad,department,cumulative_suspected_total,SV0010,NA,NA,438,cases
2015-12-27,El_Salvador-La_Paz,department,cumulative_suspected_total,SV0010,NA,NA,75,cases
2015-12-27,El_Salvador-La_Union,department,cumulative_suspected_total,SV0010,NA,NA,19,cases
2015-12-27,El_Salvador-Morazan,department,cumulative_suspected_total,SV0010,NA,NA,65,cases
2015-12-27,El_Salvador-San_Miguel,department,cumulative_suspected_total,SV0010,NA,NA,58,cases
2015-12-27,El_Salvador-San_Salvador,department,cumulative_suspected_total,SV0010,NA,NA,2272,cases
2015-12-27,El_Salvador-San_Vicente,department,cumulative_suspected_total,SV0010,NA,NA,294,cases
2015-12-27,El_Salvador-Santa_Ana,department,cumulative_suspected_total,SV0010,NA,NA,213,cases
2015-12-27,El_Salvador-Sonsonate,department,cumulative_suspected_total,SV0010,NA,NA,23,cases
2015-12-27,El_Salvador-Usulutan,department,cumulative_suspected_total,SV0010,NA,NA,78,cases
2015-12-27,El_Salvador,country,cumulative_suspected_total,SV0010,NA,NA,3836,cases
2015-12-27,El_Salvador,country,cumulative_suspected_age_under_1,SV0001,NA,NA,72,cases
2015-12-27,El_Salvador,country,cumulative_suspected_age_1-4,SV0002,NA,NA,121,cases
2015-12-27,El_Salvador,country,cumulative_suspected_age_5-9,SV0003,NA,NA,131,cases
2015-12-27,El_Salvador,country,cumulative_suspected_age_10-19,SV0004,NA,NA,209,cases
2015-12-27,El_Salvador,country,cumulative_suspected_age_20-29,SV0005,NA,NA,990,cases
2015-12-27,El_Salvador,country,cumulative_suspected_age_30-39,SV0006,NA,NA,979,cases
2015-12-27,El_Salvador,country,cumulative_suspected_age_40-49,SV0007,NA,NA,747,cases
2015-12-27,El_Salvador,country,cumulative_suspected_age_50-59,SV0008,NA,NA,397,cases
2015-12-27,El_Salvador,country,cumulative_suspected_age_60_plus,SV0009,NA,NA,190,cases
2015-12-27,El_Salvador-Ahuachapan,department,cumulative_suspected_pregnant,SV0011,NA,NA,1,cases
2015-12-27,El_Salvador-Chalatenango,department,cumulative_suspected_pregnant,SV0011,NA,NA,4,cases
2015-12-27,El_Salvador-La_Libertad,department,cumulative_suspected_pregnant,SV0011,NA,NA,9,cases
2015-12-27,El_Salvador-La_Paz,department,cumulative_suspected_pregnant,SV0011,NA,NA,1,cases
2015-12-27,El_Salvador-San_Salvador,department,cumulative_suspected_pregnant,SV0011,NA,NA,39,cases
2015-12-27,El_Salvador-San_Vicente,department,cumulative_suspected_pregnant,SV0011,NA,NA,5,cases
2015-12-27,El_Salvador-Santa_Ana,department,cumulative_suspected_pregnant,SV0011,NA,NA,1,cases
2015-12-27,El_Salvador-Cuscatlan,department,cumulative_suspected_pregnant,SV0011,NA,NA,1,cases
2015-12-27,El_Salvador-Morazan,department,cumulative_suspected_pregnant,SV0011,NA,NA,1,cases
2015-12-27,El_Salvador-Cabanas,department,cumulative_suspected_pregnant,SV0011,NA,NA,1,cases
2015-12-27,El_Salvador,country,cumulative_suspected_pregnant,SV0011,NA,NA,63,cases2016-01-09,El_Salvador-Ahuachapan,department,cumulative_suspected_total,SV0010,NA,NA,11,cases
2016-01-09,El_Salvador-Cabanas,department,cumulative_suspected_total,SV0010,NA,NA,19,cases
2016-01-09,El_Salvador-Chalatenango,department,cumulative_suspected_total,SV0010,NA,NA,32,cases
2016-01-09,El_Salvador-Cuscatlan,department,cumulative_suspected_total,SV0010,NA,NA,47,cases
2016-01-09,El_Salvador-La_Libertad,department,cumulative_suspected_total,SV0010,NA,NA,89,cases
2016-01-09,El_Salvador-La_Paz,department,cumulative_suspected_total,SV0010,NA,NA,4,cases
2016-01-09,El_Salvador-La_Union,department,cumulative_suspected_total,SV0010,NA,NA,2,cases
2016-01-09,El_Salvador-Morazan,department,cumulative_suspected_total,SV0010,NA,NA,2,cases
2016-01-09,El_Salvador-San_Miguel,department,cumulative_suspected_total,SV0010,NA,NA,13,cases
2016-01-09,El_Salvador-San_Salvador,department,cumulative_suspected_total,SV0010,NA,NA,159,cases
2016-01-09,El_Salvador-San_Vicente,department,cumulative_suspected_total,SV0010,NA,NA,44,cases
2016-01-09,El_Salvador-Santa_Ana,department,cumulative_suspected_total,SV0010,NA,NA,61,cases
2016-01-09,El_Salvador-Sonsonate,department,cumulative_suspected_total,SV0010,NA,NA,10,cases
2016-01-09,El_Salvador-Usulutan,department,cumulative_suspected_total,SV0010,NA,NA,3,cases
2016-01-09,El_Salvador,country,cumulative_suspected_total,SV0010,NA,NA,492,cases
2016-01-09,El_Salvador,country,cumulative_suspected_age_under_1,SV0001,NA,NA,6,cases
2016-01-09,El_Salvador,country,cumulative_suspected_age_1-4,SV0002,NA,NA,15,cases
2016-01-09,El_Salvador,country,cumulative_suspected_age_5-9,SV0003,NA,NA,20,cases
2016-01-09,El_Salvador,country,cumulative_suspected_age_10-19,SV0004,NA,NA,35,cases
2016-01-09,El_Salvador,country,cumulative_suspected_age_20-29,SV0005,NA,NA,122,cases
2016-01-09,El_Salvador,country,cumulative_suspected_age_30-39,SV0006,NA,NA,127,cases
2016-01-09,El_Salvador,country,cumulative_suspected_age_40-49,SV0007,NA,NA,101,cases
2016-01-09,El_Salvador,country,cumulative_suspected_age_50-59,SV0008,NA,NA,49,cases
2016-01-09,El_Salvador,country,cumulative_suspected_age_60_plus,SV0009,NA,NA,17,cases
2016-01-09,El_Salvador-Sonsonate,department,cumulative_suspected_pregnant,SV0011,NA,NA,1,cases
2016-01-09,El_Salvador-San_Miguel,department,cumulative_suspected_pregnant,SV0011,NA,NA,1,cases
2016-01-09,El_Salvador-Cabanas,department,cumulative_suspected_pregnant,SV0011,NA,NA,1,cases
2016-01-09,El_Salvador-Cuscatlan,department,cumulative_suspected_pregnant,SV0011,NA,NA,1,cases
2016-01-09,El_Salvador-San_Salvador,department,cumulative_suspected_pregnant,SV0011,NA,NA,3,cases
2016-01-09,El_Salvador-San_Vicente,department,cumulative_suspected_pregnant,SV0011,NA,NA,2,cases
2016-01-09,El_Salvador-Santa_Ana,department,cumulative_suspected_pregnant,SV0011,NA,NA,1,cases
2016-01-09,El_Salvador-La_Libertad,department,cumulative_suspected_pregnant,SV0011,NA,NA,2,cases
2016-01-09,El_Salvador,country,cumulative_suspected_pregnant,SV0011,NA,NA,12,cases2016-01-16,El_Salvador-Ahuachapan,department,cumulative_suspected_total,SV0010,NA,NA,29,cases
2016-01-16,El_Salvador-Cabanas,department,cumulative_suspected_total,SV0010,NA,NA,71,cases
2016-01-16,El_Salvador-Chalatenango,department,cumulative_suspected_total,SV0010,NA,NA,110,cases
2016-01-16,El_Salvador-Cuscatlan,department,cumulative_suspected_total,SV0010,NA,NA,129,cases
2016-01-16,El_Salvador-La_Libertad,department,cumulative_suspected_total,SV0010,NA,NA,253,cases
2016-01-16,El_Salvador-La_Paz,department,cumulative_suspected_total,SV0010,NA,NA,39,cases
2016-01-16,El_Salvador-La_Union,department,cumulative_suspected_total,SV0010,NA,NA,6,cases
2016-01-16,El_Salvador-Morazan,department,cumulative_suspected_total,SV0010,NA,NA,14,cases
2016-01-16,El_Salvador-San_Miguel,department,cumulative_suspected_total,SV0010,NA,NA,29,cases
2016-01-16,El_Salvador-San_Salvador,department,cumulative_suspected_total,SV0010,NA,NA,605,cases
2016-01-16,El_Salvador-San_Vicente,department,cumulative_suspected_total,SV0010,NA,NA,87,cases
2016-01-16,El_Salvador-Santa_Ana,department,cumulative_suspected_total,SV0010,NA,NA,153,cases
2016-01-16,El_Salvador-Sonsonate,department,cumulative_suspected_total,SV0010,NA,NA,14,cases
2016-01-16,El_Salvador-Usulutan,department,cumulative_suspected_total,SV0010,NA,NA,22,cases
2016-01-16,El_Salvador,country,cumulative_suspected_total,SV0010,NA,NA,1561,cases
2016-01-16,El_Salvador,country,cumulative_suspected_age_under_1,SV0001,NA,NA,18,cases
2016-01-16,El_Salvador,country,cumulative_suspected_age_1-4,SV0002,NA,NA,61,cases
2016-01-16,El_Salvador,country,cumulative_suspected_age_5-9,SV0003,NA,NA,55,cases
2016-01-16,El_Salvador,country,cumulative_suspected_age_10-19,SV0004,NA,NA,109,cases
2016-01-16,El_Salvador,country,cumulative_suspected_age_20-29,SV0005,NA,NA,393,cases
2016-01-16,El_Salvador,country,cumulative_suspected_age_30-39,SV0006,NA,NA,385,cases
2016-01-16,El_Salvador,country,cumulative_suspected_age_40-49,SV0007,NA,NA,287,cases
2016-01-16,El_Salvador,country,cumulative_suspected_age_50-59,SV0008,NA,NA,185,cases
2016-01-16,El_Salvador,country,cumulative_suspected_age_60_plus,SV0009,NA,NA,68,cases
2016-01-16,El_Salvador-Sonsonate,department,cumulative_suspected_pregnant,SV0011,NA,NA,1,cases
2016-01-16,El_Salvador-San_Miguel,department,cumulative_suspected_pregnant,SV0011,NA,NA,1,cases
2016-01-16,El_Salvador-Cabanas,department,cumulative_suspected_pregnant,SV0011,NA,NA,2,cases
2016-01-16,El_Salvador-Cuscatlan,department,cumulative_suspected_pregnant,SV0011,NA,NA,4,cases
2016-01-16,El_Salvador-San_Salvador,department,cumulative_suspected_pregnant,SV0011,NA,NA,14,cases
2016-01-16,El_Salvador-San_Vicente,department,cumulative_suspected_pregnant,SV0011,NA,NA,5,cases
2016-01-16,El_Salvador-Santa_Ana,department,cumulative_suspected_pregnant,SV0011,NA,NA,2,cases
2016-01-16,El_Salvador-Chalatenango,department,cumulative_suspected_pregnant,SV0011,NA,NA,2,cases
2016-01-16,El_Salvador-La_Libertad,department,cumulative_suspected_pregnant,SV0011,NA,NA,2,cases
2016-01-16,El_Salvador,country,cumulative_suspected_pregnant,SV0011,NA,NA,33,cases2016-01-23,El_Salvador-Ahuachapan,department,cumulative_suspected_total,SV0010,NA,NA,48,cases
2016-01-23,El_Salvador-Cabanas,department,cumulative_suspected_total,SV0010,NA,NA,107,cases
2016-01-23,El_Salvador-Chalatenango,department,cumulative_suspected_total,SV0010,NA,NA,174,cases
2016-01-23,El_Salvador-Cuscatlan,department,cumulative_suspected_total,SV0010,NA,NA,180,cases
2016-01-23,El_Salvador-La_Libertad,department,cumulative_suspected_total,SV0010,NA,NA,390,cases
2016-01-23,El_Salvador-La_Paz,department,cumulative_suspected_total,SV0010,NA,NA,53,cases
2016-01-23,El_Salvador-La_Union,department,cumulative_suspected_total,SV0010,NA,NA,10,cases
2016-01-23,El_Salvador-Morazan,department,cumulative_suspected_total,SV0010,NA,NA,36,cases
2016-01-23,El_Salvador-San_Miguel,department,cumulative_suspected_total,SV0010,NA,NA,53,cases
2016-01-23,El_Salvador-San_Salvador,department,cumulative_suspected_total,SV0010,NA,NA,1015,cases
2016-01-23,El_Salvador-San_Vicente,department,cumulative_suspected_total,SV0010,NA,NA,125,cases
2016-01-23,El_Salvador-Santa_Ana,department,cumulative_suspected_total,SV0010,NA,NA,231,cases
2016-01-23,El_Salvador-Sonsonate,department,cumulative_suspected_total,SV0010,NA,NA,18,cases
2016-01-23,El_Salvador-Usulutan,department,cumulative_suspected_total,SV0010,NA,NA,34,cases
2016-01-23,El_Salvador,country,cumulative_suspected_total,SV0010,NA,NA,2474,cases
2016-01-23,El_Salvador,country,cumulative_suspected_age_under_1,SV0001,NA,NA,36,cases
2016-01-23,El_Salvador,country,cumulative_suspected_age_1-4,SV0002,NA,NA,95,cases
2016-01-23,El_Salvador,country,cumulative_suspected_age_5-9,SV0003,NA,NA,91,cases
2016-01-23,El_Salvador,country,cumulative_suspected_age_10-19,SV0004,NA,NA,177,cases
2016-01-23,El_Salvador,country,cumulative_suspected_age_20-29,SV0005,NA,NA,641,cases
2016-01-23,El_Salvador,country,cumulative_suspected_age_30-39,SV0006,NA,NA,614,cases
2016-01-23,El_Salvador,country,cumulative_suspected_age_40-49,SV0007,NA,NA,442,cases
2016-01-23,El_Salvador,country,cumulative_suspected_age_50-59,SV0008,NA,NA,272,cases
2016-01-23,El_Salvador,country,cumulative_suspected_age_60_plus,SV0009,NA,NA,106,cases
2016-01-23,El_Salvador-Sonsonate,department,cumulative_suspected_pregnant,SV0011,NA,NA,1,cases
2016-01-23,El_Salvador-San_Miguel,department,cumulative_suspected_pregnant,SV0011,NA,NA,3,cases
2016-01-23,El_Salvador-Cabanas,department,cumulative_suspected_pregnant,SV0011,NA,NA,4,cases
2016-01-23,El_Salvador-Cuscatlan,department,cumulative_suspected_pregnant,SV0011,NA,NA,7,cases
2016-01-23,El_Salvador-San_Salvador,department,cumulative_suspected_pregnant,SV0011,NA,NA,29,cases
2016-01-23,El_Salvador-San_Vicente,department,cumulative_suspected_pregnant,SV0011,NA,NA,8,cases
2016-01-23,El_Salvador-Santa_Ana,department,cumulative_suspected_pregnant,SV0011,NA,NA,2,cases
2016-01-23,El_Salvador-Chalatenango,department,cumulative_suspected_pregnant,SV0011,NA,NA,3,cases
2016-01-23,El_Salvador-La_Libertad,department,cumulative_suspected_pregnant,SV0011,NA,NA,2,cases
2016-01-23,El_Salvador,country,cumulative_suspected_pregnant,SV0011,NA,NA,59,cases2016-01-30,El_Salvador-Ahuachapan,department,cumulative_suspected_total,SV0010,NA,NA,67,cases
2016-01-30,El_Salvador-Cabanas,department,cumulative_suspected_total,SV0010,NA,NA,149,cases
2016-01-30,El_Salvador-Chalatenango,department,cumulative_suspected_total,SV0010,NA,NA,239,cases
2016-01-30,El_Salvador-Cuscatlan,department,cumulative_suspected_total,SV0010,NA,NA,256,cases
2016-01-30,El_Salvador-La_Libertad,department,cumulative_suspected_total,SV0010,NA,NA,557,cases
2016-01-30,El_Salvador-La_Paz,department,cumulative_suspected_total,SV0010,NA,NA,77,cases
2016-01-30,El_Salvador-La_Union,department,cumulative_suspected_total,SV0010,NA,NA,17,cases
2016-01-30,El_Salvador-Morazan,department,cumulative_suspected_total,SV0010,NA,NA,52,cases
2016-01-30,El_Salvador-San_Miguel,department,cumulative_suspected_total,SV0010,NA,NA,69,cases
2016-01-30,El_Salvador-San_Salvador,department,cumulative_suspected_total,SV0010,NA,NA,1254,cases
2016-01-30,El_Salvador-San_Vicente,department,cumulative_suspected_total,SV0010,NA,NA,158,cases
2016-01-30,El_Salvador-Santa_Ana,department,cumulative_suspected_total,SV0010,NA,NA,318,cases
2016-01-30,El_Salvador-Sonsonate,department,cumulative_suspected_total,SV0010,NA,NA,26,cases
2016-01-30,El_Salvador-Usulutan,department,cumulative_suspected_total,SV0010,NA,NA,62,cases
2016-01-30,El_Salvador-Guatemala,department,cumulative_suspected_total,SV0010,NA,NA,2,cases
2016-01-30,El_Salvador,country,cumulative_suspected_total,SV0010,NA,NA,3302,cases
2016-01-30,El_Salvador,country,cumulative_suspected_age_under_1,SV0001,NA,NA,49,cases
2016-01-30,El_Salvador,country,cumulative_suspected_age_1-4,SV0002,NA,NA,128,cases
2016-01-30,El_Salvador,country,cumulative_suspected_age_5-9,SV0003,NA,NA,125,cases
2016-01-30,El_Salvador,country,cumulative_suspected_age_10-19,SV0004,NA,NA,259,cases
2016-01-30,El_Salvador,country,cumulative_suspected_age_20-29,SV0005,NA,NA,850,cases
2016-01-30,El_Salvador,country,cumulative_suspected_age_30-39,SV0006,NA,NA,809,cases
2016-01-30,El_Salvador,country,cumulative_suspected_age_40-49,SV0007,NA,NA,595,cases
2016-01-30,El_Salvador,country,cumulative_suspected_age_50-59,SV0008,NA,NA,341,cases
2016-01-30,El_Salvador,country,cumulative_suspected_age_60_plus,SV0009,NA,NA,146,cases
2016-01-30,El_Salvador-Sonsonate,department,cumulative_suspected_pregnant,SV0011,NA,NA,1,cases
2016-01-30,El_Salvador-San_Miguel,department,cumulative_suspected_pregnant,SV0011,NA,NA,5,cases
2016-01-30,El_Salvador-Cabanas,department,cumulative_suspected_pregnant,SV0011,NA,NA,5,cases
2016-01-30,El_Salvador-Cuscatlan,department,cumulative_suspected_pregnant,SV0011,NA,NA,10,cases
2016-01-30,El_Salvador-San_Salvador,department,cumulative_suspected_pregnant,SV0011,NA,NA,38,cases
2016-01-30,El_Salvador-San_Vicente,department,cumulative_suspected_pregnant,SV0011,NA,NA,12,cases
2016-01-30,El_Salvador-Santa_Ana,department,cumulative_suspected_pregnant,SV0011,NA,NA,5,cases
2016-01-30,El_Salvador-Chalatenango,department,cumulative_suspected_pregnant,SV0011,NA,NA,9,cases
2016-01-30,El_Salvador-La_Libertad,department,cumulative_suspected_pregnant,SV0011,NA,NA,5,cases
2016-01-30,El_Salvador-La_Paz,department,cumulative_suspected_pregnant,SV0011,NA,NA,1,cases
2016-01-30,El_Salvador-Morazan,department,cumulative_suspected_pregnant,SV0011,NA,NA,2,cases
2016-01-30,El_Salvador-Usulutan,department,cumulative_suspected_pregnant,SV0011,NA,NA,2,cases
2016-01-30,El_Salvador-Guatemala,department,cumulative_suspected_pregnant,SV0011,NA,NA,1,cases
2016-01-30,El_Salvador,country,cumulative_suspected_pregnant,SV0011,NA,NA,96,cases
2016-01-30,El_Salvador,country,weekly_hospitalized,SV0013,NA,NA,23,cases2016-02-06,El_Salvador-Ahuachapan,department,cumulative_suspected_total,SV0010,NA,NA,86,cases
2016-02-06,El_Salvador-Cabanas,department,cumulative_suspected_total,SV0010,NA,NA,180,cases
2016-02-06,El_Salvador-Chalatenango,department,cumulative_suspected_total,SV0010,NA,NA,301,cases
2016-02-06,El_Salvador-Cuscatlan,department,cumulative_suspected_total,SV0010,NA,NA,307,cases
2016-02-06,El_Salvador-La_Libertad,department,cumulative_suspected_total,SV0010,NA,NA,675,cases
2016-02-06,El_Salvador-La_Paz,department,cumulative_suspected_total,SV0010,NA,NA,92,cases
2016-02-06,El_Salvador-La_Union,department,cumulative_suspected_total,SV0010,NA,NA,22,cases
2016-02-06,El_Salvador-Morazan,department,cumulative_suspected_total,SV0010,NA,NA,63,cases
2016-02-06,El_Salvador-San_Miguel,department,cumulative_suspected_total,SV0010,NA,NA,76,cases
2016-02-06,El_Salvador-San_Salvador,department,cumulative_suspected_total,SV0010,NA,NA,1582,cases
2016-02-06,El_Salvador-San_Vicente,department,cumulative_suspected_total,SV0010,NA,NA,199,cases
2016-02-06,El_Salvador-Santa_Ana,department,cumulative_suspected_total,SV0010,NA,NA,382,cases
2016-02-06,El_Salvador-Sonsonate,department,cumulative_suspected_total,SV0010,NA,NA,37,cases
2016-02-06,El_Salvador-Usulutan,department,cumulative_suspected_total,SV0010,NA,NA,83,cases
2016-02-06,El_Salvador-Guatemala,department,cumulative_suspected_total,SV0010,NA,NA,2,cases
2016-02-06,El_Salvador,country,cumulative_suspected_total,SV0010,NA,NA,4087,cases
2016-02-06,El_Salvador,country,cumulative_suspected_age_under_1,SV0001,NA,NA,65,cases
2016-02-06,El_Salvador,country,cumulative_suspected_age_1-4,SV0002,NA,NA,171,cases
2016-02-06,El_Salvador,country,cumulative_suspected_age_5-9,SV0003,NA,NA,181,cases
2016-02-06,El_Salvador,country,cumulative_suspected_age_10-19,SV0004,NA,NA,339,cases
2016-02-06,El_Salvador,country,cumulative_suspected_age_20-29,SV0005,NA,NA,1018,cases
2016-02-06,El_Salvador,country,cumulative_suspected_age_30-39,SV0006,NA,NA,997,cases
2016-02-06,El_Salvador,country,cumulative_suspected_age_40-49,SV0007,NA,NA,711,cases
2016-02-06,El_Salvador,country,cumulative_suspected_age_50-59,SV0008,NA,NA,410,cases
2016-02-06,El_Salvador,country,cumulative_suspected_age_60_plus,SV0009,NA,NA,195,cases
2016-02-06,El_Salvador-Sonsonate,department,cumulative_suspected_pregnant,SV0011,NA,NA,1,cases
2016-02-06,El_Salvador-San_Miguel,department,cumulative_suspected_pregnant,SV0011,NA,NA,5,cases
2016-02-06,El_Salvador-Cabanas,department,cumulative_suspected_pregnant,SV0011,NA,NA,9,cases
2016-02-06,El_Salvador-Cuscatlan,department,cumulative_suspected_pregnant,SV0011,NA,NA,11,cases
2016-02-06,El_Salvador-San_Salvador,department,cumulative_suspected_pregnant,SV0011,NA,NA,51,cases
2016-02-06,El_Salvador-San_Vicente,department,cumulative_suspected_pregnant,SV0011,NA,NA,12,cases
2016-02-06,El_Salvador-Santa_Ana,department,cumulative_suspected_pregnant,SV0011,NA,NA,6,cases
2016-02-06,El_Salvador-Chalatenango,department,cumulative_suspected_pregnant,SV0011,NA,NA,11,cases
2016-02-06,El_Salvador-La_Libertad,department,cumulative_suspected_pregnant,SV0011,NA,NA,9,cases
2016-02-06,El_Salvador-La_Paz,department,cumulative_suspected_pregnant,SV0011,NA,NA,1,cases
2016-02-06,El_Salvador-Morazan,department,cumulative_suspected_pregnant,SV0011,NA,NA,2,cases
2016-02-06,El_Salvador-Usulutan,department,cumulative_suspected_pregnant,SV0011,NA,NA,4,cases
2016-02-06,El_Salvador-Guatemala,department,cumulative_suspected_pregnant,SV0011,NA,NA,1,cases
2016-02-06,El_Salvador,country,cumulative_suspected_pregnant,SV0011,NA,NA,123,cases
2016-02-06,El_Salvador,country,weekly_hospitalized,SV0013,NA,NA,3,cases2016-02-13,El_Salvador-Ahuachapan,department,cumulative_suspected_total,SV0010,NA,NA,101,cases
2016-02-13,El_Salvador-Cabanas,department,cumulative_suspected_total,SV0010,NA,NA,217,cases
2016-02-13,El_Salvador-Chalatenango,department,cumulative_suspected_total,SV0010,NA,NA,352,cases
2016-02-13,El_Salvador-Cuscatlan,department,cumulative_suspected_total,SV0010,NA,NA,364,cases
2016-02-13,El_Salvador-La_Libertad,department,cumulative_suspected_total,SV0010,NA,NA,785,cases
2016-02-13,El_Salvador-La_Paz,department,cumulative_suspected_total,SV0010,NA,NA,99,cases
2016-02-13,El_Salvador-La_Union,department,cumulative_suspected_total,SV0010,NA,NA,26,cases
2016-02-13,El_Salvador-Morazan,department,cumulative_suspected_total,SV0010,NA,NA,75,cases
2016-02-13,El_Salvador-San_Miguel,department,cumulative_suspected_total,SV0010,NA,NA,86,cases
2016-02-13,El_Salvador-San_Salvador,department,cumulative_suspected_total,SV0010,NA,NA,1835,cases
2016-02-13,El_Salvador-San_Vicente,department,cumulative_suspected_total,SV0010,NA,NA,220,cases
2016-02-13,El_Salvador-Santa_Ana,department,cumulative_suspected_total,SV0010,NA,NA,437,cases
2016-02-13,El_Salvador-Sonsonate,department,cumulative_suspected_total,SV0010,NA,NA,44,cases
2016-02-13,El_Salvador-Usulutan,department,cumulative_suspected_total,SV0010,NA,NA,105,cases
2016-02-13,El_Salvador-Guatemala,department,cumulative_suspected_total,SV0010,NA,NA,2,cases
2016-02-13,El_Salvador,country,cumulative_suspected_total,SV0010,NA,NA,4748,cases
2016-02-13,El_Salvador,country,cumulative_suspected_age_under_1,SV0001,NA,NA,73,cases
2016-02-13,El_Salvador,country,cumulative_suspected_age_1-4,SV0002,NA,NA,203,cases
2016-02-13,El_Salvador,country,cumulative_suspected_age_5-9,SV0003,NA,NA,205,cases
2016-02-13,El_Salvador,country,cumulative_suspected_age_10-19,SV0004,NA,NA,389,cases
2016-02-13,El_Salvador,country,cumulative_suspected_age_20-29,SV0005,NA,NA,1200,cases
2016-02-13,El_Salvador,country,cumulative_suspected_age_30-39,SV0006,NA,NA,1158,cases
2016-02-13,El_Salvador,country,cumulative_suspected_age_40-49,SV0007,NA,NA,837,cases
2016-02-13,El_Salvador,country,cumulative_suspected_age_50-59,SV0008,NA,NA,467,cases
2016-02-13,El_Salvador,country,cumulative_suspected_age_60_plus,SV0009,NA,NA,216,cases
2016-02-13,El_Salvador-Sonsonate,department,cumulative_suspected_pregnant,SV0011,NA,NA,1,cases
2016-02-13,El_Salvador-San_Miguel,department,cumulative_suspected_pregnant,SV0011,NA,NA,6,cases
2016-02-13,El_Salvador-Cabanas,department,cumulative_suspected_pregnant,SV0011,NA,NA,15,cases
2016-02-13,El_Salvador-Cuscatlan,department,cumulative_suspected_pregnant,SV0011,NA,NA,11,cases
2016-02-13,El_Salvador-San_Salvador,department,cumulative_suspected_pregnant,SV0011,NA,NA,58,cases
2016-02-13,El_Salvador-San_Vicente,department,cumulative_suspected_pregnant,SV0011,NA,NA,13,cases
2016-02-13,El_Salvador-Santa_Ana,department,cumulative_suspected_pregnant,SV0011,NA,NA,7,cases
2016-02-13,El_Salvador-Chalatenango,department,cumulative_suspected_pregnant,SV0011,NA,NA,12,cases
2016-02-13,El_Salvador-La_Libertad,department,cumulative_suspected_pregnant,SV0011,NA,NA,12,cases
2016-02-13,El_Salvador-La_Paz,department,cumulative_suspected_pregnant,SV0011,NA,NA,2,cases
2016-02-13,El_Salvador-Morazan,department,cumulative_suspected_pregnant,SV0011,NA,NA,2,cases
2016-02-13,El_Salvador-Usulutan,department,cumulative_suspected_pregnant,SV0011,NA,NA,4,cases
2016-02-13,El_Salvador-Guatemala,department,cumulative_suspected_pregnant,SV0011,NA,NA,1,cases
2016-02-13,El_Salvador,country,cumulative_suspected_pregnant,SV0011,NA,NA,144,cases
2016-02-13,El_Salvador,country,weekly_hospitalized,SV0013,NA,NA,5,cases2016-02-20,El_Salvador-Ahuachapan,department,cumulative_suspected_total,SV0010,NA,NA,110,cases
2016-02-20,El_Salvador-Cabanas,department,cumulative_suspected_total,SV0010,NA,NA,236,cases
2016-02-20,El_Salvador-Chalatenango,department,cumulative_suspected_total,SV0010,NA,NA,377,cases
2016-02-20,El_Salvador-Cuscatlan,department,cumulative_suspected_total,SV0010,NA,NA,400,cases
2016-02-20,El_Salvador-La_Libertad,department,cumulative_suspected_total,SV0010,NA,NA,856,cases
2016-02-20,El_Salvador-La_Paz,department,cumulative_suspected_total,SV0010,NA,NA,101,cases
2016-02-20,El_Salvador-La_Union,department,cumulative_suspected_total,SV0010,NA,NA,27,cases
2016-02-20,El_Salvador-Morazan,department,cumulative_suspected_total,SV0010,NA,NA,86,cases
2016-02-20,El_Salvador-San_Miguel,department,cumulative_suspected_total,SV0010,NA,NA,99,cases
2016-02-20,El_Salvador-San_Salvador,department,cumulative_suspected_total,SV0010,NA,NA,1948,cases
2016-02-20,El_Salvador-San_Vicente,department,cumulative_suspected_total,SV0010,NA,NA,240,cases
2016-02-20,El_Salvador-Santa_Ana,department,cumulative_suspected_total,SV0010,NA,NA,480,cases
2016-02-20,El_Salvador-Sonsonate,department,cumulative_suspected_total,SV0010,NA,NA,52,cases
2016-02-20,El_Salvador-Usulutan,department,cumulative_suspected_total,SV0010,NA,NA,109,cases
2016-02-20,El_Salvador-Guatemala,department,cumulative_suspected_total,SV0010,NA,NA,2,cases
2016-02-20,El_Salvador,country,cumulative_suspected_total,SV0010,NA,NA,5123,cases
2016-02-20,El_Salvador,country,cumulative_suspected_age_under_1,SV0001,NA,NA,74,cases
2016-02-20,El_Salvador,country,cumulative_suspected_age_1-4,SV0002,NA,NA,220,cases
2016-02-20,El_Salvador,country,cumulative_suspected_age_5-9,SV0003,NA,NA,224,cases
2016-02-20,El_Salvador,country,cumulative_suspected_age_10-19,SV0004,NA,NA,427,cases
2016-02-20,El_Salvador,country,cumulative_suspected_age_20-29,SV0005,NA,NA,1298,cases
2016-02-20,El_Salvador,country,cumulative_suspected_age_30-39,SV0006,NA,NA,1241,cases
2016-02-20,El_Salvador,country,cumulative_suspected_age_40-49,SV0007,NA,NA,900,cases
2016-02-20,El_Salvador,country,cumulative_suspected_age_50-59,SV0008,NA,NA,509,cases
2016-02-20,El_Salvador,country,cumulative_suspected_age_60_plus,SV0009,NA,NA,230,cases
2016-02-20,El_Salvador-Sonsonate,department,cumulative_suspected_pregnant,SV0011,NA,NA,1,cases
2016-02-20,El_Salvador-San_Miguel,department,cumulative_suspected_pregnant,SV0011,NA,NA,7,cases
2016-02-20,El_Salvador-Cabanas,department,cumulative_suspected_pregnant,SV0011,NA,NA,16,cases
2016-02-20,El_Salvador-Cuscatlan,department,cumulative_suspected_pregnant,SV0011,NA,NA,13,cases
2016-02-20,El_Salvador-San_Salvador,department,cumulative_suspected_pregnant,SV0011,NA,NA,60,cases
2016-02-20,El_Salvador-San_Vicente,department,cumulative_suspected_pregnant,SV0011,NA,NA,15,cases
2016-02-20,El_Salvador-Santa_Ana,department,cumulative_suspected_pregnant,SV0011,NA,NA,8,cases
2016-02-20,El_Salvador-Chalatenango,department,cumulative_suspected_pregnant,SV0011,NA,NA,13,cases
2016-02-20,El_Salvador-La_Libertad,department,cumulative_suspected_pregnant,SV0011,NA,NA,14,cases
2016-02-20,El_Salvador-La_Paz,department,cumulative_suspected_pregnant,SV0011,NA,NA,1,cases
2016-02-20,El_Salvador-Morazan,department,cumulative_suspected_pregnant,SV0011,NA,NA,2,cases
2016-02-20,El_Salvador-Usulutan,department,cumulative_suspected_pregnant,SV0011,NA,NA,4,cases
2016-02-20,El_Salvador-Guatemala,department,cumulative_suspected_pregnant,SV0011,NA,NA,1,cases
2016-02-20,El_Salvador,country,cumulative_suspected_pregnant,SV0011,NA,NA,157,cases
2016-02-20,El_Salvador,country,weekly_hospitalized,SV0013,NA,NA,0,cases
2016-02-27,El_Salvador-Ahuachapan,department,cumulative_suspected_total,SV0010,NA,NA,116,cases
2016-02-27,El_Salvador-Cabanas,department,cumulative_suspected_total,SV0010,NA,NA,246,cases
2016-02-27,El_Salvador-Chalatenango,department,cumulative_suspected_total,SV0010,NA,NA,381,cases
2016-02-27,El_Salvador-Cuscatlan,department,cumulative_suspected_total,SV0010,NA,NA,412,cases
2016-02-27,El_Salvador-La_Libertad,department,cumulative_suspected_total,SV0010,NA,NA,897,cases
2016-02-27,El_Salvador-La_Paz,department,cumulative_suspected_total,SV0010,NA,NA,108,cases
2016-02-27,El_Salvador-La_Union,department,cumulative_suspected_total,SV0010,NA,NA,31,cases
2016-02-27,El_Salvador-Morazan,department,cumulative_suspected_total,SV0010,NA,NA,92,cases
2016-02-27,El_Salvador-San_Miguel,department,cumulative_suspected_total,SV0010,NA,NA,107,cases
2016-02-27,El_Salvador-San_Salvador,department,cumulative_suspected_total,SV0010,NA,NA,2033,cases
2016-02-27,El_Salvador-San_Vicente,department,cumulative_suspected_total,SV0010,NA,NA,252,cases
2016-02-27,El_Salvador-Santa_Ana,department,cumulative_suspected_total,SV0010,NA,NA,496,cases
2016-02-27,El_Salvador-Sonsonate,department,cumulative_suspected_total,SV0010,NA,NA,56,cases
2016-02-27,El_Salvador-Usulutan,department,cumulative_suspected_total,SV0010,NA,NA,114,cases
2016-02-27,El_Salvador-Guatemala,department,cumulative_suspected_total,SV0010,NA,NA,2,cases
2016-02-27,El_Salvador,country,cumulative_suspected_total,SV0010,NA,NA,5343,cases
2016-02-27,El_Salvador,country,cumulative_suspected_age_under_1,SV0001,NA,NA,85,cases
2016-02-27,El_Salvador,country,cumulative_suspected_age_1-4,SV0002,NA,NA,231,cases
2016-02-27,El_Salvador,country,cumulative_suspected_age_5-9,SV0003,NA,NA,237,cases
2016-02-27,El_Salvador,country,cumulative_suspected_age_10-19,SV0004,NA,NA,447,cases
2016-02-27,El_Salvador,country,cumulative_suspected_age_20-29,SV0005,NA,NA,1348,cases
2016-02-27,El_Salvador,country,cumulative_suspected_age_30-39,SV0006,NA,NA,1283,cases
2016-02-27,El_Salvador,country,cumulative_suspected_age_40-49,SV0007,NA,NA,947,cases
2016-02-27,El_Salvador,country,cumulative_suspected_age_50-59,SV0008,NA,NA,527,cases
2016-02-27,El_Salvador,country,cumulative_suspected_age_60_plus,SV0009,NA,NA,238,cases
2016-02-27,El_Salvador-Sonsonate,department,cumulative_suspected_pregnant,SV0011,NA,NA,1,cases
2016-02-27,El_Salvador-San_Miguel,department,cumulative_suspected_pregnant,SV0011,NA,NA,7,cases
2016-02-27,El_Salvador-Cabanas,department,cumulative_suspected_pregnant,SV0011,NA,NA,18,cases
2016-02-27,El_Salvador-Cuscatlan,department,cumulative_suspected_pregnant,SV0011,NA,NA,14,cases
2016-02-27,El_Salvador-San_Salvador,department,cumulative_suspected_pregnant,SV0011,NA,NA,60,cases
2016-02-27,El_Salvador-San_Vicente,department,cumulative_suspected_pregnant,SV0011,NA,NA,15,cases
2016-02-27,El_Salvador-Santa_Ana,department,cumulative_suspected_pregnant,SV0011,NA,NA,10,cases
2016-02-27,El_Salvador-Chalatenango,department,cumulative_suspected_pregnant,SV0011,NA,NA,13,cases
2016-02-27,El_Salvador-La_Libertad,department,cumulative_suspected_pregnant,SV0011,NA,NA,15,cases
2016-02-27,El_Salvador-La_Paz,department,cumulative_suspected_pregnant,SV0011,NA,NA,0,cases
2016-02-27,El_Salvador-Morazan,department,cumulative_suspected_pregnant,SV0011,NA,NA,3,cases
2016-02-27,El_Salvador-Usulutan,department,cumulative_suspected_pregnant,SV0011,NA,NA,5,cases
2016-02-27,El_Salvador-Guatemala,department,cumulative_suspected_pregnant,SV0011,NA,NA,1,cases
2016-02-27,El_Salvador,country,cumulative_suspected_pregnant,SV0011,NA,NA,165,cases
2016-02-27,El_Salvador,country,weekly_hospitalized,SV0013,NA,NA,0,cases
"2016-03-05","El_Salvador-Ahuachapan","department","cumulative_suspected_total","SV0010",NA,NA,124,"cases"
"2016-03-05","El_Salvador-Cabanas","department","cumulative_suspected_total","SV0010",NA,NA,260,"cases"
"2016-03-05","El_Salvador-Chalatenango","department","cumulative_suspected_total","SV0010",NA,NA,410,"cases"
"2016-03-05","El_Salvador-Cuscatlan","department","cumulative_suspected_total","SV0010",NA,NA,453,"cases"
"2016-03-05","El_Salvador-La_Libertad","department","cumulative_suspected_total","SV0010",NA,NA,927,"cases"
"2016-03-05","El_Salvador-La_Paz","department","cumulative_suspected_total","SV0010",NA,NA,116,"cases"
"2016-03-05","El_Salvador-La_Union","department","cumulative_suspected_total","SV0010",NA,NA,31,"cases"
"2016-03-05","El_Salvador-Morazan","department","cumulative_suspected_total","SV0010",NA,NA,99,"cases"
"2016-03-05","El_Salvador-San_Miguel","department","cumulative_suspected_total","SV0010",NA,NA,115,"cases"
"2016-03-05","El_Salvador-San_Salvador","department","cumulative_suspected_total","SV0010",NA,NA,2139,"cases"
"2016-03-05","El_Salvador-San_Vicente","department","cumulative_suspected_total","SV0010",NA,NA,263,"cases"
"2016-03-05","El_Salvador-Santa_Ana","department","cumulative_suspected_total","SV0010",NA,NA,505,"cases"
"2016-03-05","El_Salvador-Sonsonate","department","cumulative_suspected_total","SV0010",NA,NA,58,"cases"
"2016-03-05","El_Salvador-Usulutan","department","cumulative_suspected_total","SV0010",NA,NA,118,"cases"
"2016-03-05","El_Salvador-Guatemala","department","cumulative_suspected_total","SV0010",NA,NA,2,"cases"
"2016-03-05","El_Salvador","country","cumulative_suspected_total","SV0010",NA,NA,5620,"cases"
"2016-03-05","El_Salvador","country","cumulative_suspected_age_under_1","SV0001",NA,NA,90,"cases"
"2016-03-05","El_Salvador","country","cumulative_suspected_age_1-4","SV0002",NA,NA,253,"cases"
"2016-03-05","El_Salvador","country","cumulative_suspected_age_5-9","SV0003",NA,NA,246,"cases"
"2016-03-05","El_Salvador","country","cumulative_suspected_age_10-19","SV0004",NA,NA,478,"cases"
"2016-03-05","El_Salvador","country","cumulative_suspected_age_20-29","SV0005",NA,NA,1407,"cases"
"2016-03-05","El_Salvador","country","cumulative_suspected_age_30-39","SV0006",NA,NA,1346,"cases"
"2016-03-05","El_Salvador","country","cumulative_suspected_age_40-49","SV0007",NA,NA,998,"cases"
"2016-03-05","El_Salvador","country","cumulative_suspected_age_50-59","SV0008",NA,NA,555,"cases"
"2016-03-05","El_Salvador","country","cumulative_suspected_age_60_plus","SV0009",NA,NA,247,"cases"
"2016-03-05","El_Salvador-Sonsonate","department","cumulative_suspected_pregnant","SV0011",NA,NA,2,"cases"
"2016-03-05","El_Salvador-San_Miguel","department","cumulative_suspected_pregnant","SV0011",NA,NA,7,"cases"
"2016-03-05","El_Salvador-Cabanas","department","cumulative_suspected_pregnant","SV0011",NA,NA,19,"cases"
"2016-03-05","El_Salvador-Cuscatlan","department","cumulative_suspected_pregnant","SV0011",NA,NA,14,"cases"
"2016-03-05","El_Salvador-San_Salvador","department","cumulative_suspected_pregnant","SV0011",NA,NA,66,"cases"
"2016-03-05","El_Salvador-San_Vicente","department","cumulative_suspected_pregnant","SV0011",NA,NA,16,"cases"
"2016-03-05","El_Salvador-Santa_Ana","department","cumulative_suspected_pregnant","SV0011",NA,NA,10,"cases"
"2016-03-05","El_Salvador-Chalatenango","department","cumulative_suspected_pregnant","SV0011",NA,NA,14,"cases"
"2016-03-05","El_Salvador-La_Libertad","department","cumulative_suspected_pregnant","SV0011",NA,NA,17,"cases"
"2016-03-05","El_Salvador-La_Paz","department","cumulative_suspected_pregnant","SV0011",NA,NA,1,"cases"
"2016-03-05","El_Salvador-Morazan","department","cumulative_suspected_pregnant","SV0011",NA,NA,3,"cases"
"2016-03-05","El_Salvador-Usulutan","department","cumulative_suspected_pregnant","SV0011",NA,NA,6,"cases"
"2016-03-05","El_Salvador-Guatemala","department","cumulative_suspected_pregnant","SV0011",NA,NA,1,"cases"
"2016-03-05","El_Salvador","country","cumulative_suspected_pregnant","SV0011",NA,NA,178,"cases"
"2016-03-12","El_Salvador-Ahuachapan","department","cumulative_suspected_total","SV0010",NA,NA,"130","cases"
"2016-03-12","El_Salvador-Cabanas","department","cumulative_suspected_total","SV0010",NA,NA,"269","cases"
"2016-03-12","El_Salvador-Chalatenango","department","cumulative_suspected_total","SV0010",NA,NA,"426","cases"
"2016-03-12","El_Salvador-Cuscatlan","department","cumulative_suspected_total","SV0010",NA,NA,"459","cases"
"2016-03-12","El_Salvador-La_Libertad","department","cumulative_suspected_total","SV0010",NA,NA,"943","cases"
"2016-03-12","El_Salvador-La_Paz","department","cumulative_suspected_total","SV0010",NA,NA,"119","cases"
"2016-03-12","El_Salvador-La_Union","department","cumulative_suspected_total","SV0010",NA,NA,"33","cases"
"2016-03-12","El_Salvador-Morazan","department","cumulative_suspected_total","SV0010",NA,NA,"101","cases"
"2016-03-12","El_Salvador-San_Miguel","department","cumulative_suspected_total","SV0010",NA,NA,"118","cases"
"2016-03-12","El_Salvador-San_Salvador","department","cumulative_suspected_total","SV0010",NA,NA,"2146","cases"
"2016-03-12","El_Salvador-San_Vicente","department","cumulative_suspected_total","SV0010",NA,NA,"266","cases"
"2016-03-12","El_Salvador-Santa_Ana","department","cumulative_suspected_total","SV0010",NA,NA,"503","cases"
"2016-03-12","El_Salvador-Sonsonate","department","cumulative_suspected_total","SV0010",NA,NA,"60","cases"
"2016-03-12","El_Salvador-Usulutan","department","cumulative_suspected_total","SV0010",NA,NA,"118","cases"
"2016-03-12","El_Salvador-Guatemala","department","cumulative_suspected_total","SV0010",NA,NA,"2","cases"
"2016-03-12","El_Salvador","country","cumulative_suspected_total","SV0010",NA,NA,"5693","cases"
"2016-03-12","El_Salvador","country","cumulative_suspected_age_under_1","SV0001",NA,NA,"73","cases"
"2016-03-12","El_Salvador","country","cumulative_suspected_age_1-4","SV0002",NA,NA,"53","cases"
"2016-03-12","El_Salvador","country","cumulative_suspected_age_5-9","SV0003",NA,NA,"43","cases"
"2016-03-12","El_Salvador","country","cumulative_suspected_age_10-19","SV0004",NA,NA,"39","cases"
"2016-03-12","El_Salvador","country","cumulative_suspected_age_20-29","SV0005",NA,NA,"119","cases"
"2016-03-12","El_Salvador","country","cumulative_suspected_age_30-39","SV0006",NA,NA,"163","cases"
"2016-03-12","El_Salvador","country","cumulative_suspected_age_40-49","SV0007",NA,NA,"145","cases"
"2016-03-12","El_Salvador","country","cumulative_suspected_age_50-59","SV0008",NA,NA,"109","cases"
"2016-03-12","El_Salvador","country","cumulative_suspected_age_60_plus","SV0009",NA,NA,"36","cases"
"2016-03-12","El_Salvador-Sonsonate","department","cumulative_suspected_pregnant","SV0011",NA,NA,"2","cases"
"2016-03-12","El_Salvador-San_Miguel","department","cumulative_suspected_pregnant","SV0011",NA,NA,"7","cases"
"2016-03-12","El_Salvador-Cabanas","department","cumulative_suspected_pregnant","SV0011",NA,NA,"20","cases"
"2016-03-12","El_Salvador-Cuscatlan","department","cumulative_suspected_pregnant","SV0011",NA,NA,"14","cases"
"2016-03-12","El_Salvador-San_Salvador","department","cumulative_suspected_pregnant","SV0011",NA,NA,"67","cases"
"2016-03-12","El_Salvador-San_Vicente","department","cumulative_suspected_pregnant","SV0011",NA,NA,"16","cases"
"2016-03-12","El_Salvador-Santa_Ana","department","cumulative_suspected_pregnant","SV0011",NA,NA,"10","cases"
"2016-03-12","El_Salvador-Chalatenango","department","cumulative_suspected_pregnant","SV0011",NA,NA,"15","cases"
"2016-03-12","El_Salvador-La_Libertad","department","cumulative_suspected_pregnant","SV0011",NA,NA,"18","cases"
"2016-03-12","El_Salvador-La_Paz","department","cumulative_suspected_pregnant","SV0011",NA,NA,"1","cases"
"2016-03-12","El_Salvador-Morazan","department","cumulative_suspected_pregnant","SV0011",NA,NA,"3","cases"
"2016-03-12","El_Salvador-Usulutan","department","cumulative_suspected_pregnant","SV0011",NA,NA,"6","cases"
"2016-03-12","El_Salvador-Guatemala","department","cumulative_suspected_pregnant","SV0011",NA,NA,"1","cases"
"2016-03-12","El_Salvador-La_Union","department","cumulative_suspected_pregnant","SV0011",NA,NA,"1","cases"
"2016-03-12","El_Salvador-Ahuachapan","department","cumulative_suspected_pregnant","SV0011",NA,NA,"2","cases"
"2016-03-12","El_Salvador","country","cumulative_suspected_pregnant","SV0011",NA,NA,"183","cases"
"2016-03-12","El_Salvador","country","weekly_hospitalized","SV0013",NA,NA,"0","cases"
"2016-03-26","El_Salvador-Ahuachapan","department","cumulative_suspected_total","SV0010",NA,NA,131,"cases"
"2016-03-26","El_Salvador-Cabanas","department","cumulative_suspected_total","SV0010",NA,NA,287,"cases"
"2016-03-26","El_Salvador-Chalatenango","department","cumulative_suspected_total","SV0010",NA,NA,452,"cases"
"2016-03-26","El_Salvador-Cuscatlan","department","cumulative_suspected_total","SV0010",NA,NA,478,"cases"
"2016-03-26","El_Salvador-La_Libertad","department","cumulative_suspected_total","SV0010",NA,NA,960,"cases"
"2016-03-26","El_Salvador-La_Paz","department","cumulative_suspected_total","SV0010",NA,NA,123,"cases"
"2016-03-26","El_Salvador-La_Union","department","cumulative_suspected_total","SV0010",NA,NA,35,"cases"
"2016-03-26","El_Salvador-Morazan","department","cumulative_suspected_total","SV0010",NA,NA,102,"cases"
"2016-03-26","El_Salvador-San_Miguel","department","cumulative_suspected_total","SV0010",NA,NA,120,"cases"
"2016-03-26","El_Salvador-San_Salvador","department","cumulative_suspected_total","SV0010",NA,NA,2197,"cases"
"2016-03-26","El_Salvador-San_Vicente","department","cumulative_suspected_total","SV0010",NA,NA,272,"cases"
"2016-03-26","El_Salvador-Santa_Ana","department","cumulative_suspected_total","SV0010",NA,NA,513,"cases"
"2016-03-26","El_Salvador-Sonsonate","department","cumulative_suspected_total","SV0010",NA,NA,60,"cases"
"2016-03-26","El_Salvador-Usulutan","department","cumulative_suspected_total","SV0010",NA,NA,122,"cases"
"2016-03-26","El_Salvador-Guatemala","department","cumulative_suspected_total","SV0010",NA,NA,2,"cases"
"2016-03-26","El_Salvador","country","cumulative_suspected_total","SV0010",NA,NA,5854,"cases"
"2016-03-26","El_Salvador","country","cumulative_suspected_age_under_1","SV0001",NA,NA,95,"cases"
"2016-03-26","El_Salvador","country","cumulative_suspected_age_1-4","SV0002",NA,NA,275,"cases"
"2016-03-26","El_Salvador","country","cumulative_suspected_age_5-9","SV0003",NA,NA,273,"cases"
"2016-03-26","El_Salvador","country","cumulative_suspected_age_10-19","SV0004",NA,NA,511,"cases"
"2016-03-26","El_Salvador","country","cumulative_suspected_age_20-29","SV0005",NA,NA,1452,"cases"
"2016-03-26","El_Salvador","country","cumulative_suspected_age_30-39","SV0006",NA,NA,1398,"cases"
"2016-03-26","El_Salvador","country","cumulative_suspected_age_40-49","SV0007",NA,NA,1021,"cases"
"2016-03-26","El_Salvador","country","cumulative_suspected_age_50-59","SV0008",NA,NA,574,"cases"
"2016-03-26","El_Salvador","country","cumulative_suspected_age_60_plus","SV0009",NA,NA,255,"cases"
"2016-03-26","El_Salvador-Sonsonate","department","cumulative_suspected_pregnant","SV0011",NA,NA,2,"cases"
"2016-03-26","El_Salvador-San_Miguel","department","cumulative_suspected_pregnant","SV0011",NA,NA,7,"cases"
"2016-03-26","El_Salvador-Cabanas","department","cumulative_suspected_pregnant","SV0011",NA,NA,23,"cases"
"2016-03-26","El_Salvador-Cuscatlan","department","cumulative_suspected_pregnant","SV0011",NA,NA,15,"cases"
"2016-03-26","El_Salvador-San_Salvador","department","cumulative_suspected_pregnant","SV0011",NA,NA,68,"cases"
"2016-03-26","El_Salvador-San_Vicente","department","cumulative_suspected_pregnant","SV0011",NA,NA,16,"cases"
"2016-03-26","El_Salvador-Santa_Ana","department","cumulative_suspected_pregnant","SV0011",NA,NA,10,"cases"
"2016-03-26","El_Salvador-Chalatenango","department","cumulative_suspected_pregnant","SV0011",NA,NA,18,"cases"
"2016-03-26","El_Salvador-La_Libertad","department","cumulative_suspected_pregnant","SV0011",NA,NA,18,"cases"
"2016-03-26","El_Salvador-La_Paz","department","cumulative_suspected_pregnant","SV0011",NA,NA,1,"cases"
"2016-03-26","El_Salvador-Morazan","department","cumulative_suspected_pregnant","SV0011",NA,NA,3,"cases"
"2016-03-26","El_Salvador-Usulutan","department","cumulative_suspected_pregnant","SV0011",NA,NA,6,"cases"
"2016-03-26","El_Salvador-Guatemala","department","cumulative_suspected_pregnant","SV0011",NA,NA,1,"cases"
"2016-03-26","El_Salvador-La_Union","department","cumulative_suspected_pregnant","SV0011",NA,NA,1,"cases"
"2016-03-26","El_Salvador-Ahuachapan","department","cumulative_suspected_pregnant","SV0011",NA,NA,2,"cases"
"2016-03-26","El_Salvador","country","cumulative_suspected_pregnant","SV0011",NA,NA,191,"cases"
"2016-03-26","El_Salvador","country","weekly_hospitalized","SV0013",NA,NA,0,"cases"
"2016-03-26","El_Salvador","country","cumulative_confirmed","SV0012",NA,NA,42,"cases"
"2016-04-02","El_Salvador-Ahuachapan","department","cumulative_suspected_total","SV0010",NA,NA,132,"cases"
"2016-04-02","El_Salvador-Cabanas","department","cumulative_suspected_total","SV0010",NA,NA,288,"cases"
"2016-04-02","El_Salvador-Chalatenango","department","cumulative_suspected_total","SV0010",NA,NA,459,"cases"
"2016-04-02","El_Salvador-Cuscatlan","department","cumulative_suspected_total","SV0010",NA,NA,488,"cases"
"2016-04-02","El_Salvador-La_Libertad","department","cumulative_suspected_total","SV0010",NA,NA,975,"cases"
"2016-04-02","El_Salvador-La_Paz","department","cumulative_suspected_total","SV0010",NA,NA,126,"cases"
"2016-04-02","El_Salvador-La_Union","department","cumulative_suspected_total","SV0010",NA,NA,35,"cases"
"2016-04-02","El_Salvador-Morazan","department","cumulative_suspected_total","SV0010",NA,NA,104,"cases"
"2016-04-02","El_Salvador-San_Miguel","department","cumulative_suspected_total","SV0010",NA,NA,124,"cases"
"2016-04-02","El_Salvador-San_Salvador","department","cumulative_suspected_total","SV0010",NA,NA,2228,"cases"
"2016-04-02","El_Salvador-San_Vicente","department","cumulative_suspected_total","SV0010",NA,NA,273,"cases"
"2016-04-02","El_Salvador-Santa_Ana","department","cumulative_suspected_total","SV0010",NA,NA,517,"cases"
"2016-04-02","El_Salvador-Sonsonate","department","cumulative_suspected_total","SV0010",NA,NA,62,"cases"
"2016-04-02","El_Salvador-Usulutan","department","cumulative_suspected_total","SV0010",NA,NA,123,"cases"
"2016-04-02","El_Salvador-Guatemala","department","cumulative_suspected_total","SV0010",NA,NA,2,"cases"
"2016-04-02","El_Salvador","country","cumulative_suspected_total","SV0010",NA,NA,5936,"cases"
"2016-04-02","El_Salvador","country","cumulative_suspected_age_under_1","SV0001",NA,NA,102,"cases"
"2016-04-02","El_Salvador","country","cumulative_suspected_age_1-4","SV0002",NA,NA,281,"cases"
"2016-04-02","El_Salvador","country","cumulative_suspected_age_5-9","SV0003",NA,NA,277,"cases"
"2016-04-02","El_Salvador","country","cumulative_suspected_age_10-19","SV0004",NA,NA,523,"cases"
"2016-04-02","El_Salvador","country","cumulative_suspected_age_20-29","SV0005",NA,NA,1472,"cases"
"2016-04-02","El_Salvador","country","cumulative_suspected_age_30-39","SV0006",NA,NA,1412,"cases"
"2016-04-02","El_Salvador","country","cumulative_suspected_age_40-49","SV0007",NA,NA,1031,"cases"
"2016-04-02","El_Salvador","country","cumulative_suspected_age_50-59","SV0008",NA,NA,580,"cases"
"2016-04-02","El_Salvador","country","cumulative_suspected_age_60_plus","SV0009",NA,NA,258,"cases"
"2016-04-02","El_Salvador-Sonsonate","department","cumulative_suspected_pregnant","SV0011",NA,NA,2,"cases"
"2016-04-02","El_Salvador-San_Miguel","department","cumulative_suspected_pregnant","SV0011",NA,NA,7,"cases"
"2016-04-02","El_Salvador-Cabanas","department","cumulative_suspected_pregnant","SV0011",NA,NA,23,"cases"
"2016-04-02","El_Salvador-Cuscatlan","department","cumulative_suspected_pregnant","SV0011",NA,NA,16,"cases"
"2016-04-02","El_Salvador-San_Salvador","department","cumulative_suspected_pregnant","SV0011",NA,NA,68,"cases"
"2016-04-02","El_Salvador-San_Vicente","department","cumulative_suspected_pregnant","SV0011",NA,NA,16,"cases"
"2016-04-02","El_Salvador-Santa_Ana","department","cumulative_suspected_pregnant","SV0011",NA,NA,11,"cases"
"2016-04-02","El_Salvador-Chalatenango","department","cumulative_suspected_pregnant","SV0011",NA,NA,19,"cases"
"2016-04-02","El_Salvador-La_Libertad","department","cumulative_suspected_pregnant","SV0011",NA,NA,18,"cases"
"2016-04-02","El_Salvador-La_Paz","department","cumulative_suspected_pregnant","SV0011",NA,NA,1,"cases"
"2016-04-02","El_Salvador-Morazan","department","cumulative_suspected_pregnant","SV0011",NA,NA,3,"cases"
"2016-04-02","El_Salvador-Usulutan","department","cumulative_suspected_pregnant","SV0011",NA,NA,6,"cases"
"2016-04-02","El_Salvador-Guatemala","department","cumulative_suspected_pregnant","SV0011",NA,NA,1,"cases"
"2016-04-02","El_Salvador-La_Union","department","cumulative_suspected_pregnant","SV0011",NA,NA,1,"cases"
"2016-04-02","El_Salvador-Ahuachapan","department","cumulative_suspected_pregnant","SV0011",NA,NA,2,"cases"
"2016-04-02","El_Salvador","country","cumulative_suspected_pregnant","SV0011",NA,NA,194,"cases"
"2016-04-02","El_Salvador","country","weekly_hospitalized","SV0013",NA,NA,NA,"cases"
"2016-04-02","El_Salvador","country","cumulative_confirmed","SV0012",NA,NA,43,"cases"
"2016-04-09","El_Salvador-Ahuachapan","department","cumulative_suspected_total","SV0010",NA,NA,132,"cases"
"2016-04-09","El_Salvador-Cabanas","department","cumulative_suspected_total","SV0010",NA,NA,294,"cases"
"2016-04-09","El_Salvador-Chalatenango","department","cumulative_suspected_total","SV0010",NA,NA,469,"cases"
"2016-04-09","El_Salvador-Cuscatlan","department","cumulative_suspected_total","SV0010",NA,NA,493,"cases"
"2016-04-09","El_Salvador-La_Libertad","department","cumulative_suspected_total","SV0010",NA,NA,982,"cases"
"2016-04-09","El_Salvador-La_Paz","department","cumulative_suspected_total","SV0010",NA,NA,132,"cases"
"2016-04-09","El_Salvador-La_Union","department","cumulative_suspected_total","SV0010",NA,NA,35,"cases"
"2016-04-09","El_Salvador-Morazan","department","cumulative_suspected_total","SV0010",NA,NA,105,"cases"
"2016-04-09","El_Salvador-San_Miguel","department","cumulative_suspected_total","SV0010",NA,NA,124,"cases"
"2016-04-09","El_Salvador-San_Salvador","department","cumulative_suspected_total","SV0010",NA,NA,2247,"cases"
"2016-04-09","El_Salvador-San_Vicente","department","cumulative_suspected_total","SV0010",NA,NA,276,"cases"
"2016-04-09","El_Salvador-Santa_Ana","department","cumulative_suspected_total","SV0010",NA,NA,522,"cases"
"2016-04-09","El_Salvador-Sonsonate","department","cumulative_suspected_total","SV0010",NA,NA,63,"cases"
"2016-04-09","El_Salvador-Usulutan","department","cumulative_suspected_total","SV0010",NA,NA,127,"cases"
"2016-04-09","El_Salvador-Guatemala","department","cumulative_suspected_total","SV0010",NA,NA,2,"cases"
"2016-04-09","El_Salvador","country","cumulative_suspected_total","SV0010",NA,NA,6003,"cases"
"2016-04-09","El_Salvador","country","cumulative_suspected_age_under_1","SV0001",NA,NA,112,"cases"
"2016-04-09","El_Salvador","country","cumulative_suspected_age_1-4","SV0002",NA,NA,283,"cases"
"2016-04-09","El_Salvador","country","cumulative_suspected_age_5-9","SV0003",NA,NA,283,"cases"
"2016-04-09","El_Salvador","country","cumulative_suspected_age_10-19","SV0004",NA,NA,539,"cases"
"2016-04-09","El_Salvador","country","cumulative_suspected_age_20-29","SV0005",NA,NA,1484,"cases"
"2016-04-09","El_Salvador","country","cumulative_suspected_age_30-39","SV0006",NA,NA,1420,"cases"
"2016-04-09","El_Salvador","country","cumulative_suspected_age_40-49","SV0007",NA,NA,1039,"cases"
"2016-04-09","El_Salvador","country","cumulative_suspected_age_50-59","SV0008",NA,NA,584,"cases"
"2016-04-09","El_Salvador","country","cumulative_suspected_age_60_plus","SV0009",NA,NA,259,"cases"
"2016-04-09","El_Salvador-Sonsonate","department","cumulative_suspected_pregnant","SV0011",NA,NA,3,"cases"
"2016-04-09","El_Salvador-San_Miguel","department","cumulative_suspected_pregnant","SV0011",NA,NA,7,"cases"
"2016-04-09","El_Salvador-Cabanas","department","cumulative_suspected_pregnant","SV0011",NA,NA,23,"cases"
"2016-04-09","El_Salvador-Cuscatlan","department","cumulative_suspected_pregnant","SV0011",NA,NA,16,"cases"
"2016-04-09","El_Salvador-San_Salvador","department","cumulative_suspected_pregnant","SV0011",NA,NA,68,"cases"
"2016-04-09","El_Salvador-San_Vicente","department","cumulative_suspected_pregnant","SV0011",NA,NA,16,"cases"
"2016-04-09","El_Salvador-Santa_Ana","department","cumulative_suspected_pregnant","SV0011",NA,NA,11,"cases"
"2016-04-09","El_Salvador-Chalatenango","department","cumulative_suspected_pregnant","SV0011",NA,NA,19,"cases"
"2016-04-09","El_Salvador-La_Libertad","department","cumulative_suspected_pregnant","SV0011",NA,NA,19,"cases"
"2016-04-09","El_Salvador-La_Paz","department","cumulative_suspected_pregnant","SV0011",NA,NA,1,"cases"
"2016-04-09","El_Salvador-Morazan","department","cumulative_suspected_pregnant","SV0011",NA,NA,3,"cases"
"2016-04-09","El_Salvador-Usulutan","department","cumulative_suspected_pregnant","SV0011",NA,NA,6,"cases"
"2016-04-09","El_Salvador-Guatemala","department","cumulative_suspected_pregnant","SV0011",NA,NA,1,"cases"
"2016-04-09","El_Salvador-La_Union","department","cumulative_suspected_pregnant","SV0011",NA,NA,1,"cases"
"2016-04-09","El_Salvador-Ahuachapan","department","cumulative_suspected_pregnant","SV0011",NA,NA,2,"cases"
"2016-04-09","El_Salvador","country","cumulative_suspected_pregnant","SV0011",NA,NA,196,"cases"
"2016-04-09","El_Salvador","country","weekly_hospitalized","SV0013",NA,NA,NA,"cases"
"2016-04-09","El_Salvador","country","cumulative_confirmed","SV0012",NA,NA,43,"cases"
"2016-04-16","El_Salvador-Ahuachapan","department","cumulative_suspected_total","SV0010",NA,NA,132,"cases"
"2016-04-16","El_Salvador-Cabanas","department","cumulative_suspected_total","SV0010",NA,NA,306,"cases"
"2016-04-16","El_Salvador-Chalatenango","department","cumulative_suspected_total","SV0010",NA,NA,476,"cases"
"2016-04-16","El_Salvador-Cuscatlan","department","cumulative_suspected_total","SV0010",NA,NA,506,"cases"
"2016-04-16","El_Salvador-La_Libertad","department","cumulative_suspected_total","SV0010",NA,NA,999,"cases"
"2016-04-16","El_Salvador-La_Paz","department","cumulative_suspected_total","SV0010",NA,NA,131,"cases"
"2016-04-16","El_Salvador-La_Union","department","cumulative_suspected_total","SV0010",NA,NA,36,"cases"
"2016-04-16","El_Salvador-Morazan","department","cumulative_suspected_total","SV0010",NA,NA,108,"cases"
"2016-04-16","El_Salvador-San_Miguel","department","cumulative_suspected_total","SV0010",NA,NA,128,"cases"
"2016-04-16","El_Salvador-San_Salvador","department","cumulative_suspected_total","SV0010",NA,NA,2301,"cases"
"2016-04-16","El_Salvador-San_Vicente","department","cumulative_suspected_total","SV0010",NA,NA,280,"cases"
"2016-04-16","El_Salvador-Santa_Ana","department","cumulative_suspected_total","SV0010",NA,NA,534,"cases"
"2016-04-16","El_Salvador-Sonsonate","department","cumulative_suspected_total","SV0010",NA,NA,67,"cases"
"2016-04-16","El_Salvador-Usulutan","department","cumulative_suspected_total","SV0010",NA,NA,131,"cases"
"2016-04-16","El_Salvador-Guatemala","department","cumulative_suspected_total","SV0010",NA,NA,2,"cases"
"2016-04-16","El_Salvador","country","cumulative_suspected_total","SV0010",NA,NA,6137,"cases"
"2016-04-16","El_Salvador","country","cumulative_suspected_age_under_1","SV0001",NA,NA,118,"cases"
"2016-04-16","El_Salvador","country","cumulative_suspected_age_1-4","SV0002",NA,NA,290,"cases"
"2016-04-16","El_Salvador","country","cumulative_suspected_age_5-9","SV0003",NA,NA,293,"cases"
"2016-04-16","El_Salvador","country","cumulative_suspected_age_10-19","SV0004",NA,NA,548,"cases"
"2016-04-16","El_Salvador","country","cumulative_suspected_age_20-29","SV0005",NA,NA,1527,"cases"
"2016-04-16","El_Salvador","country","cumulative_suspected_age_30-39","SV0006",NA,NA,1444,"cases"
"2016-04-16","El_Salvador","country","cumulative_suspected_age_40-49","SV0007",NA,NA,1061,"cases"
"2016-04-16","El_Salvador","country","cumulative_suspected_age_50-59","SV0008",NA,NA,595,"cases"
"2016-04-16","El_Salvador","country","cumulative_suspected_age_60_plus","SV0009",NA,NA,261,"cases"
"2016-04-16","El_Salvador-Sonsonate","department","cumulative_suspected_pregnant","SV0011",NA,NA,3,"cases"
"2016-04-16","El_Salvador-San_Miguel","department","cumulative_suspected_pregnant","SV0011",NA,NA,7,"cases"
"2016-04-16","El_Salvador-Cabanas","department","cumulative_suspected_pregnant","SV0011",NA,NA,24,"cases"
"2016-04-16","El_Salvador-Cuscatlan","department","cumulative_suspected_pregnant","SV0011",NA,NA,17,"cases"
"2016-04-16","El_Salvador-San_Salvador","department","cumulative_suspected_pregnant","SV0011",NA,NA,69,"cases"
"2016-04-16","El_Salvador-San_Vicente","department","cumulative_suspected_pregnant","SV0011",NA,NA,17,"cases"
"2016-04-16","El_Salvador-Santa_Ana","department","cumulative_suspected_pregnant","SV0011",NA,NA,11,"cases"
"2016-04-16","El_Salvador-Chalatenango","department","cumulative_suspected_pregnant","SV0011",NA,NA,19,"cases"
"2016-04-16","El_Salvador-La_Libertad","department","cumulative_suspected_pregnant","SV0011",NA,NA,19,"cases"
"2016-04-16","El_Salvador-La_Paz","department","cumulative_suspected_pregnant","SV0011",NA,NA,1,"cases"
"2016-04-16","El_Salvador-Morazan","department","cumulative_suspected_pregnant","SV0011",NA,NA,3,"cases"
"2016-04-16","El_Salvador-Usulutan","department","cumulative_suspected_pregnant","SV0011",NA,NA,6,"cases"
"2016-04-16","El_Salvador-Guatemala","department","cumulative_suspected_pregnant","SV0011",NA,NA,1,"cases"
"2016-04-16","El_Salvador-La_Union","department","cumulative_suspected_pregnant","SV0011",NA,NA,1,"cases"
"2016-04-16","El_Salvador-Ahuachapan","department","cumulative_suspected_pregnant","SV0011",NA,NA,2,"cases"
"2016-04-16","El_Salvador","country","cumulative_suspected_pregnant","SV0011",NA,NA,200,"cases"
"2016-04-16","El_Salvador","country","weekly_hospitalized","SV0013",NA,NA,NA,"cases"
"2016-04-16","El_Salvador","country","cumulative_confirmed","SV0012",NA,NA,43,"cases"
"2016-04-23","El_Salvador-Ahuachapan","department","cumulative_suspected_total","SV0010",NA,NA,131,"cases"
"2016-04-23","El_Salvador-Cabanas","department","cumulative_suspected_total","SV0010",NA,NA,313,"cases"
"2016-04-23","El_Salvador-Chalatenango","department","cumulative_suspected_total","SV0010",NA,NA,484,"cases"
"2016-04-23","El_Salvador-Cuscatlan","department","cumulative_suspected_total","SV0010",NA,NA,511,"cases"
"2016-04-23","El_Salvador-La_Libertad","department","cumulative_suspected_total","SV0010",NA,NA,1005,"cases"
"2016-04-23","El_Salvador-La_Paz","department","cumulative_suspected_total","SV0010",NA,NA,131,"cases"
"2016-04-23","El_Salvador-La_Union","department","cumulative_suspected_total","SV0010",NA,NA,36,"cases"
"2016-04-23","El_Salvador-Morazan","department","cumulative_suspected_total","SV0010",NA,NA,110,"cases"
"2016-04-23","El_Salvador-San_Miguel","department","cumulative_suspected_total","SV0010",NA,NA,129,"cases"
"2016-04-23","El_Salvador-San_Salvador","department","cumulative_suspected_total","SV0010",NA,NA,2334,"cases"
"2016-04-23","El_Salvador-San_Vicente","department","cumulative_suspected_total","SV0010",NA,NA,282,"cases"
"2016-04-23","El_Salvador-Santa_Ana","department","cumulative_suspected_total","SV0010",NA,NA,536,"cases"
"2016-04-23","El_Salvador-Sonsonate","department","cumulative_suspected_total","SV0010",NA,NA,69,"cases"
"2016-04-23","El_Salvador-Usulutan","department","cumulative_suspected_total","SV0010",NA,NA,133,"cases"
"2016-04-23","El_Salvador-Guatemala","department","cumulative_suspected_total","SV0010",NA,NA,2,"cases"
"2016-04-23","El_Salvador","country","cumulative_suspected_total","SV0010",NA,NA,6206,"cases"
"2016-04-23","El_Salvador","country","cumulative_suspected_age_under_1","SV0001",NA,NA,123,"cases"
"2016-04-23","El_Salvador","country","cumulative_suspected_age_1-4","SV0002",NA,NA,292,"cases"
"2016-04-23","El_Salvador","country","cumulative_suspected_age_5-9","SV0003",NA,NA,298,"cases"
"2016-04-23","El_Salvador","country","cumulative_suspected_age_10-19","SV0004",NA,NA,559,"cases"
"2016-04-23","El_Salvador","country","cumulative_suspected_age_20-29","SV0005",NA,NA,1542,"cases"
"2016-04-23","El_Salvador","country","cumulative_suspected_age_30-39","SV0006",NA,NA,1452,"cases"
"2016-04-23","El_Salvador","country","cumulative_suspected_age_40-49","SV0007",NA,NA,1076,"cases"
"2016-04-23","El_Salvador","country","cumulative_suspected_age_50-59","SV0008",NA,NA,599,"cases"
"2016-04-23","El_Salvador","country","cumulative_suspected_age_60_plus","SV0009",NA,NA,265,"cases"
"2016-04-23","El_Salvador-Sonsonate","department","cumulative_suspected_pregnant","SV0011",NA,NA,3,"cases"
"2016-04-23","El_Salvador-San_Miguel","department","cumulative_suspected_pregnant","SV0011",NA,NA,7,"cases"
"2016-04-23","El_Salvador-Cabanas","department","cumulative_suspected_pregnant","SV0011",NA,NA,24,"cases"
"2016-04-23","El_Salvador-Cuscatlan","department","cumulative_suspected_pregnant","SV0011",NA,NA,17,"cases"
"2016-04-23","El_Salvador-San_Salvador","department","cumulative_suspected_pregnant","SV0011",NA,NA,69,"cases"
"2016-04-23","El_Salvador-San_Vicente","department","cumulative_suspected_pregnant","SV0011",NA,NA,17,"cases"
"2016-04-23","El_Salvador-Santa_Ana","department","cumulative_suspected_pregnant","SV0011",NA,NA,11,"cases"
"2016-04-23","El_Salvador-Chalatenango","department","cumulative_suspected_pregnant","SV0011",NA,NA,19,"cases"
"2016-04-23","El_Salvador-La_Libertad","department","cumulative_suspected_pregnant","SV0011",NA,NA,20,"cases"
"2016-04-23","El_Salvador-La_Paz","department","cumulative_suspected_pregnant","SV0011",NA,NA,1,"cases"
"2016-04-23","El_Salvador-Morazan","department","cumulative_suspected_pregnant","SV0011",NA,NA,3,"cases"
"2016-04-23","El_Salvador-Usulutan","department","cumulative_suspected_pregnant","SV0011",NA,NA,6,"cases"
"2016-04-23","El_Salvador-Guatemala","department","cumulative_suspected_pregnant","SV0011",NA,NA,1,"cases"
"2016-04-23","El_Salvador-La_Union","department","cumulative_suspected_pregnant","SV0011",NA,NA,1,"cases"
"2016-04-23","El_Salvador-Ahuachapan","department","cumulative_suspected_pregnant","SV0011",NA,NA,2,"cases"
"2016-04-23","El_Salvador","country","cumulative_suspected_pregnant","SV0011",NA,NA,201,"cases"
"2016-04-23","El_Salvador","country","weekly_hospitalized","SV0013",NA,NA,NA,"cases"
"2016-04-23","El_Salvador","country","cumulative_confirmed","SV0012",NA,NA,43,"cases"
2016-04-23,El_Salvador-Ahuachapan,Department,cumulative_suspected_total,SV0010,NA,NA,131,cases
2016-04-23,El_Salvador-Cabanas,Department,cumulative_suspected_total,SV0010,NA,NA,319,cases
2016-04-23,El_Salvador-Chalatenango,Department,cumulative_suspected_total,SV0010,NA,NA,498,cases
2016-04-23,El_Salvador-Cuscatlan,Department,cumulative_suspected_total,SV0010,NA,NA,517,cases
2016-04-23,El_Salvador-La_Libertad,Department,cumulative_suspected_total,SV0010,NA,NA,1017,cases
2016-04-23,El_Salvador-La_Paz,Department,cumulative_suspected_total,SV0010,NA,NA,133,cases
2016-04-23,El_Salvador-La_Union,Department,cumulative_suspected_total,SV0010,NA,NA,38,cases
2016-04-23,El_Salvador-Morazan,Department,cumulative_suspected_total,SV0010,NA,NA,110,cases
2016-04-23,El_Salvador-San_Miguel,Department,cumulative_suspected_total,SV0010,NA,NA,133,cases
2016-04-23,El_Salvador-San_Salvador,Department,cumulative_suspected_total,SV0010,NA,NA,2390,cases
2016-04-23,El_Salvador-San_Vicente,Department,cumulative_suspected_total,SV0010,NA,NA,285,cases
2016-04-23,El_Salvador-Santa_Ana,Department,cumulative_suspected_total,SV0010,NA,NA,537,cases
2016-04-23,El_Salvador-Sonsonate,Department,cumulative_suspected_total,SV0010,NA,NA,71,cases
2016-04-23,El_Salvador-Usulutan,Department,cumulative_suspected_total,SV0010,NA,NA,135,cases
2016-04-23,El_Salvador-Guatemala,Department,cumulative_suspected_total,SV0010,NA,NA,2,cases
2016-04-23,El_Salvador,country,cumulative_suspected_total,SV0010,NA,NA,6316,cases
2016-04-23,El_Salvador,country,cumulative_suspected_age_under_1,SV0001,NA,NA,128,cases
2016-04-23,El_Salvador,country,cumulative_suspected_age_1-4,SV0002,NA,NA,302,cases
2016-04-23,El_Salvador,country,cumulative_suspected_age_5-9,SV0003,NA,NA,308,cases
2016-04-23,El_Salvador,country,cumulative_suspected_age_10-19,SV0004,NA,NA,568,cases
2016-04-23,El_Salvador,country,cumulative_suspected_age_20-29,SV0005,NA,NA,1564,cases
2016-04-23,El_Salvador,country,cumulative_suspected_age_30-39,SV0006,NA,NA,1477,cases
2016-04-23,El_Salvador,country,cumulative_suspected_age_40-49,SV0007,NA,NA,1091,cases
2016-04-23,El_Salvador,country,cumulative_suspected_age_50-59,SV0008,NA,NA,610,cases
2016-04-23,El_Salvador,country,cumulative_suspected_age_60_plus,SV0009,NA,NA,268,cases
2016-04-23,El_Salvador-Sonsonate,department,cumulative_suspected_pregnant,SV0011,NA,NA,3,cases
2016-04-23,El_Salvador-San_Miguel,department,cumulative_suspected_pregnant,SV0011,NA,NA,7,cases
2016-04-23,El_Salvador-Cabanas,department,cumulative_suspected_pregnant,SV0011,NA,NA,24,cases
2016-04-23,El_Salvador-Cuscatlan,department,cumulative_suspected_pregnant,SV0011,NA,NA,17,cases
2016-04-23,El_Salvador-San_Salvador,department,cumulative_suspected_pregnant,SV0011,NA,NA,69,cases
2016-04-23,El_Salvador-San_Vicente,department,cumulative_suspected_pregnant,SV0011,NA,NA,17,cases
2016-04-23,El_Salvador-Santa_Ana,department,cumulative_suspected_pregnant,SV0011,NA,NA,11,cases
2016-04-23,El_Salvador-Chalatenango,department,cumulative_suspected_pregnant,SV0011,NA,NA,19,cases
2016-04-23,El_Salvador-La_Libertad,department,cumulative_suspected_pregnant,SV0011,NA,NA,20,cases
2016-04-23,El_Salvador-La_Paz,department,cumulative_suspected_pregnant,SV0011,NA,NA,1,cases
2016-04-23,El_Salvador-Morazan,department,cumulative_suspected_pregnant,SV0011,NA,NA,3,cases
2016-04-23,El_Salvador-Usulutan,department,cumulative_suspected_pregnant,SV0011,NA,NA,6,cases
2016-04-23,El_Salvador-Guatemala,department,cumulative_suspected_pregnant,SV0011,NA,NA,1,cases
2016-04-23,El_Salvador-La_Union,department,cumulative_suspected_pregnant,SV0011,NA,NA,1,cases
2016-04-23,El_Salvador-Ahuachapan,department,cumulative_suspected_pregnant,SV0011,NA,NA,2,cases
2016-04-23,El_Salvador,country,cumulative_suspected_pregnant,SV0011,NA,NA,201,cases
2016-04-23,El_Salvador,country,weekly_hospitalized,SV0013,NA,NA,NA,cases
2016-04-23,El_Salvador,country,cumulative_confirmed,SV0012,NA,NA,43,cases2016-04-23,El_Salvador-Ahuachapan,Department,cumulative_suspected_total,SV0010,NA,NA,134,cases
2016-04-23,El_Salvador-Cabanas,Department,cumulative_suspected_total,SV0010,NA,NA,334,cases
2016-04-23,El_Salvador-Chalatenango,Department,cumulative_suspected_total,SV0010,NA,NA,512,cases
2016-04-23,El_Salvador-Cuscatlan,Department,cumulative_suspected_total,SV0010,NA,NA,525,cases
2016-04-23,El_Salvador-La_Libertad,Department,cumulative_suspected_total,SV0010,NA,NA,1031,cases
2016-04-23,El_Salvador-La_Paz,Department,cumulative_suspected_total,SV0010,NA,NA,136,cases
2016-04-23,El_Salvador-La_Union,Department,cumulative_suspected_total,SV0010,NA,NA,39,cases
2016-04-23,El_Salvador-Morazan,Department,cumulative_suspected_total,SV0010,NA,NA,110,cases
2016-04-23,El_Salvador-San_Miguel,Department,cumulative_suspected_total,SV0010,NA,NA,135,cases
2016-04-23,El_Salvador-San_Salvador,Department,cumulative_suspected_total,SV0010,NA,NA,2405,cases
2016-04-23,El_Salvador-San_Vicente,Department,cumulative_suspected_total,SV0010,NA,NA,287,cases
2016-04-23,El_Salvador-Santa_Ana,Department,cumulative_suspected_total,SV0010,NA,NA,537,cases
2016-04-23,El_Salvador-Sonsonate,Department,cumulative_suspected_total,SV0010,NA,NA,75,cases
2016-04-23,El_Salvador-Usulutan,Department,cumulative_suspected_total,SV0010,NA,NA,135,cases
2016-04-23,El_Salvador-Guatemala,Department,cumulative_suspected_total,SV0010,NA,NA,2,cases
2016-04-23,El_Salvador-Honduras,Department,cumulative_suspected_total,SV0010,NA,NA,1,cases
2016-04-23,El_Salvador,country,cumulative_suspected_total,SV0010,NA,NA,6398,cases
2016-04-23,El_Salvador,country,cumulative_suspected_age_under_1,SV0001,NA,NA,135,cases
2016-04-23,El_Salvador,country,cumulative_suspected_age_1-4,SV0002,NA,NA,309,cases
2016-04-23,El_Salvador,country,cumulative_suspected_age_5-9,SV0003,NA,NA,317,cases
2016-04-23,El_Salvador,country,cumulative_suspected_age_10-19,SV0004,NA,NA,578,cases
2016-04-23,El_Salvador,country,cumulative_suspected_age_20-29,SV0005,NA,NA,1586,cases
2016-04-23,El_Salvador,country,cumulative_suspected_age_30-39,SV0006,NA,NA,1483,cases
2016-04-23,El_Salvador,country,cumulative_suspected_age_40-49,SV0007,NA,NA,1098,cases
2016-04-23,El_Salvador,country,cumulative_suspected_age_50-59,SV0008,NA,NA,620,cases
2016-04-23,El_Salvador,country,cumulative_suspected_age_60_plus,SV0009,NA,NA,272,cases
2016-04-23,El_Salvador-Sonsonate,department,cumulative_suspected_pregnant,SV0011,NA,NA,4,cases
2016-04-23,El_Salvador-San_Miguel,department,cumulative_suspected_pregnant,SV0011,NA,NA,7,cases
2016-04-23,El_Salvador-Cabanas,department,cumulative_suspected_pregnant,SV0011,NA,NA,26,cases
2016-04-23,El_Salvador-Cuscatlan,department,cumulative_suspected_pregnant,SV0011,NA,NA,17,cases
2016-04-23,El_Salvador-San_Salvador,department,cumulative_suspected_pregnant,SV0011,NA,NA,69,cases
2016-04-23,El_Salvador-San_Vicente,department,cumulative_suspected_pregnant,SV0011,NA,NA,18,cases
2016-04-23,El_Salvador-Santa_Ana,department,cumulative_suspected_pregnant,SV0011,NA,NA,11,cases
2016-04-23,El_Salvador-Chalatenango,department,cumulative_suspected_pregnant,SV0011,NA,NA,20,cases
2016-04-23,El_Salvador-La_Libertad,department,cumulative_suspected_pregnant,SV0011,NA,NA,20,cases
2016-04-23,El_Salvador-La_Paz,department,cumulative_suspected_pregnant,SV0011,NA,NA,1,cases
2016-04-23,El_Salvador-Morazan,department,cumulative_suspected_pregnant,SV0011,NA,NA,3,cases
2016-04-23,El_Salvador-Usulutan,department,cumulative_suspected_pregnant,SV0011,NA,NA,7,cases
2016-04-23,El_Salvador-Guatemala,department,cumulative_suspected_pregnant,SV0011,NA,NA,1,cases
2016-04-23,El_Salvador-La_Union,department,cumulative_suspected_pregnant,SV0011,NA,NA,1,cases
2016-04-23,El_Salvador-Ahuachapan,department,cumulative_suspected_pregnant,SV0011,NA,NA,4,cases
2016-04-23,El_Salvador,country,cumulative_suspected_pregnant,SV0011,NA,NA,209,cases
2016-04-23,El_Salvador,country,weekly_hospitalized,SV0013,NA,NA,NA,cases
2016-04-23,El_Salvador,country,cumulative_confirmed,SV0012,NA,NA,43,cases2016-04-23,El_Salvador-Ahuachapan,Department,cumulative_suspected_total,SV0010,NA,NA,136,cases
2016-04-23,El_Salvador-Cabanas,Department,cumulative_suspected_total,SV0010,NA,NA,335,cases
2016-04-23,El_Salvador-Chalatenango,Department,cumulative_suspected_total,SV0010,NA,NA,512,cases
2016-04-23,El_Salvador-Cuscatlan,Department,cumulative_suspected_total,SV0010,NA,NA,534,cases
2016-04-23,El_Salvador-La_Libertad,Department,cumulative_suspected_total,SV0010,NA,NA,1034,cases
2016-04-23,El_Salvador-La_Paz,Department,cumulative_suspected_total,SV0010,NA,NA,136,cases
2016-04-23,El_Salvador-La_Union,Department,cumulative_suspected_total,SV0010,NA,NA,40,cases
2016-04-23,El_Salvador-Morazan,Department,cumulative_suspected_total,SV0010,NA,NA,111,cases
2016-04-23,El_Salvador-San_Miguel,Department,cumulative_suspected_total,SV0010,NA,NA,139,cases
2016-04-23,El_Salvador-San_Salvador,Department,cumulative_suspected_total,SV0010,NA,NA,2416,cases
2016-04-23,El_Salvador-San_Vicente,Department,cumulative_suspected_total,SV0010,NA,NA,287,cases
2016-04-23,El_Salvador-Santa_Ana,Department,cumulative_suspected_total,SV0010,NA,NA,544,cases
2016-04-23,El_Salvador-Sonsonate,Department,cumulative_suspected_total,SV0010,NA,NA,75,cases
2016-04-23,El_Salvador-Usulutan,Department,cumulative_suspected_total,SV0010,NA,NA,137,cases
2016-04-23,El_Salvador-Guatemala,Department,cumulative_suspected_total,SV0010,NA,NA,2,cases
2016-04-23,El_Salvador-Honduras,Department,cumulative_suspected_total,SV0010,NA,NA,1,cases
2016-04-23,El_Salvador,country,cumulative_suspected_total,SV0010,NA,NA,6440,cases
2016-04-23,El_Salvador,country,cumulative_suspected_age_under_1,SV0001,NA,NA,137,cases
2016-04-23,El_Salvador,country,cumulative_suspected_age_1-4,SV0002,NA,NA,315,cases
2016-04-23,El_Salvador,country,cumulative_suspected_age_5-9,SV0003,NA,NA,318,cases
2016-04-23,El_Salvador,country,cumulative_suspected_age_10-19,SV0004,NA,NA,583,cases
2016-04-23,El_Salvador,country,cumulative_suspected_age_20-29,SV0005,NA,NA,1594,cases
2016-04-23,El_Salvador,country,cumulative_suspected_age_30-39,SV0006,NA,NA,1492,cases
2016-04-23,El_Salvador,country,cumulative_suspected_age_40-49,SV0007,NA,NA,1101,cases
2016-04-23,El_Salvador,country,cumulative_suspected_age_50-59,SV0008,NA,NA,626,cases
2016-04-23,El_Salvador,country,cumulative_suspected_age_60_plus,SV0009,NA,NA,274,cases
2016-04-23,El_Salvador-Sonsonate,department,cumulative_suspected_pregnant,SV0011,NA,NA,4,cases
2016-04-23,El_Salvador-San_Miguel,department,cumulative_suspected_pregnant,SV0011,NA,NA,7,cases
2016-04-23,El_Salvador-Cabanas,department,cumulative_suspected_pregnant,SV0011,NA,NA,26,cases
2016-04-23,El_Salvador-Cuscatlan,department,cumulative_suspected_pregnant,SV0011,NA,NA,17,cases
2016-04-23,El_Salvador-San_Salvador,department,cumulative_suspected_pregnant,SV0011,NA,NA,69,cases
2016-04-23,El_Salvador-San_Vicente,department,cumulative_suspected_pregnant,SV0011,NA,NA,18,cases
2016-04-23,El_Salvador-Santa_Ana,department,cumulative_suspected_pregnant,SV0011,NA,NA,11,cases
2016-04-23,El_Salvador-Chalatenango,department,cumulative_suspected_pregnant,SV0011,NA,NA,20,cases
2016-04-23,El_Salvador-La_Libertad,department,cumulative_suspected_pregnant,SV0011,NA,NA,20,cases
2016-04-23,El_Salvador-La_Paz,department,cumulative_suspected_pregnant,SV0011,NA,NA,1,cases
2016-04-23,El_Salvador-Morazan,department,cumulative_suspected_pregnant,SV0011,NA,NA,3,cases
2016-04-23,El_Salvador-Usulutan,department,cumulative_suspected_pregnant,SV0011,NA,NA,7,cases
2016-04-23,El_Salvador-Guatemala,department,cumulative_suspected_pregnant,SV0011,NA,NA,1,cases
2016-04-23,El_Salvador-La_Union,department,cumulative_suspected_pregnant,SV0011,NA,NA,1,cases
2016-04-23,El_Salvador-Ahuachapan,department,cumulative_suspected_pregnant,SV0011,NA,NA,4,cases
2016-04-23,El_Salvador,country,cumulative_suspected_pregnant,SV0011,NA,NA,209,cases
2016-04-23,El_Salvador,country,weekly_hospitalized,SV0013,NA,NA,NA,cases
2016-04-23,El_Salvador,country,cumulative_confirmed,SV0012,NA,NA,43,cases2016-04-23,El_Salvador-Ahuachapan,Department,cumulative_suspected_total,SV0010,NA,NA,136,cases
2016-04-23,El_Salvador-Cabanas,Department,cumulative_suspected_total,SV0010,NA,NA,338,cases
2016-04-23,El_Salvador-Chalatenango,Department,cumulative_suspected_total,SV0010,NA,NA,524,cases
2016-04-23,El_Salvador-Cuscatlan,Department,cumulative_suspected_total,SV0010,NA,NA,540,cases
2016-04-23,El_Salvador-La_Libertad,Department,cumulative_suspected_total,SV0010,NA,NA,1036,cases
2016-04-23,El_Salvador-La_Paz,Department,cumulative_suspected_total,SV0010,NA,NA,136,cases
2016-04-23,El_Salvador-La_Union,Department,cumulative_suspected_total,SV0010,NA,NA,42,cases
2016-04-23,El_Salvador-Morazan,Department,cumulative_suspected_total,SV0010,NA,NA,112,cases
2016-04-23,El_Salvador-San_Miguel,Department,cumulative_suspected_total,SV0010,NA,NA,146,cases
2016-04-23,El_Salvador-San_Salvador,Department,cumulative_suspected_total,SV0010,NA,NA,2426,cases
2016-04-23,El_Salvador-San_Vicente,Department,cumulative_suspected_total,SV0010,NA,NA,292,cases
2016-04-23,El_Salvador-Santa_Ana,Department,cumulative_suspected_total,SV0010,NA,NA,545,cases
2016-04-23,El_Salvador-Sonsonate,Department,cumulative_suspected_total,SV0010,NA,NA,76,cases
2016-04-23,El_Salvador-Usulutan,Department,cumulative_suspected_total,SV0010,NA,NA,139,cases
2016-04-23,El_Salvador-Guatemala,Department,cumulative_suspected_total,SV0010,NA,NA,2,cases
2016-04-23,El_Salvador-Honduras,Department,cumulative_suspected_total,SV0010,NA,NA,1,cases
2016-04-23,El_Salvador,country,cumulative_suspected_total,SV0010,NA,NA,6491,cases
2016-04-23,El_Salvador,country,cumulative_suspected_age_under_1,SV0001,NA,NA,139,cases
2016-04-23,El_Salvador,country,cumulative_suspected_age_1-4,SV0002,NA,NA,324,cases
2016-04-23,El_Salvador,country,cumulative_suspected_age_5-9,SV0003,NA,NA,323,cases
2016-04-23,El_Salvador,country,cumulative_suspected_age_10-19,SV0004,NA,NA,586,cases
2016-04-23,El_Salvador,country,cumulative_suspected_age_20-29,SV0005,NA,NA,1605,cases
2016-04-23,El_Salvador,country,cumulative_suspected_age_30-39,SV0006,NA,NA,1500,cases
2016-04-23,El_Salvador,country,cumulative_suspected_age_40-49,SV0007,NA,NA,1109,cases
2016-04-23,El_Salvador,country,cumulative_suspected_age_50-59,SV0008,NA,NA,629,cases
2016-04-23,El_Salvador,country,cumulative_suspected_age_60_plus,SV0009,NA,NA,276,cases
2016-04-23,El_Salvador-Sonsonate,department,cumulative_suspected_pregnant,SV0011,NA,NA,4,cases
2016-04-23,El_Salvador-San_Miguel,department,cumulative_suspected_pregnant,SV0011,NA,NA,7,cases
2016-04-23,El_Salvador-Cabanas,department,cumulative_suspected_pregnant,SV0011,NA,NA,26,cases
2016-04-23,El_Salvador-Cuscatlan,department,cumulative_suspected_pregnant,SV0011,NA,NA,17,cases
2016-04-23,El_Salvador-San_Salvador,department,cumulative_suspected_pregnant,SV0011,NA,NA,69,cases
2016-04-23,El_Salvador-San_Vicente,department,cumulative_suspected_pregnant,SV0011,NA,NA,18,cases
2016-04-23,El_Salvador-Santa_Ana,department,cumulative_suspected_pregnant,SV0011,NA,NA,12,cases
2016-04-23,El_Salvador-Chalatenango,department,cumulative_suspected_pregnant,SV0011,NA,NA,21,cases
2016-04-23,El_Salvador-La_Libertad,department,cumulative_suspected_pregnant,SV0011,NA,NA,21,cases
2016-04-23,El_Salvador-La_Paz,department,cumulative_suspected_pregnant,SV0011,NA,NA,1,cases
2016-04-23,El_Salvador-Morazan,department,cumulative_suspected_pregnant,SV0011,NA,NA,3,cases
2016-04-23,El_Salvador-Usulutan,department,cumulative_suspected_pregnant,SV0011,NA,NA,7,cases
2016-04-23,El_Salvador-Guatemala,department,cumulative_suspected_pregnant,SV0011,NA,NA,1,cases
2016-04-23,El_Salvador-La_Union,department,cumulative_suspected_pregnant,SV0011,NA,NA,1,cases
2016-04-23,El_Salvador-Ahuachapan,department,cumulative_suspected_pregnant,SV0011,NA,NA,4,cases
2016-04-23,El_Salvador,country,cumulative_suspected_pregnant,SV0011,NA,NA,212,cases
2016-04-23,El_Salvador,country,weekly_hospitalized,SV0013,NA,NA,NA,cases
2016-04-23,El_Salvador,country,cumulative_confirmed,SV0012,NA,NA,43,cases2016-04-23,El_Salvador-Ahuachapan,Department,cumulative_suspected_total,SV0010,NA,NA,137,cases
2016-04-23,El_Salvador-Cabanas,Department,cumulative_suspected_total,SV0010,NA,NA,346,cases
2016-04-23,El_Salvador-Chalatenango,Department,cumulative_suspected_total,SV0010,NA,NA,535,cases
2016-04-23,El_Salvador-Cuscatlan,Department,cumulative_suspected_total,SV0010,NA,NA,540,cases
2016-04-23,El_Salvador-La_Libertad,Department,cumulative_suspected_total,SV0010,NA,NA,1044,cases
2016-04-23,El_Salvador-La_Paz,Department,cumulative_suspected_total,SV0010,NA,NA,138,cases
2016-04-23,El_Salvador-La_Union,Department,cumulative_suspected_total,SV0010,NA,NA,47,cases
2016-04-23,El_Salvador-Morazan,Department,cumulative_suspected_total,SV0010,NA,NA,112,cases
2016-04-23,El_Salvador-San_Miguel,Department,cumulative_suspected_total,SV0010,NA,NA,152,cases
2016-04-23,El_Salvador-San_Salvador,Department,cumulative_suspected_total,SV0010,NA,NA,2456,cases
2016-04-23,El_Salvador-San_Vicente,Department,cumulative_suspected_total,SV0010,NA,NA,293,cases
2016-04-23,El_Salvador-Santa_Ana,Department,cumulative_suspected_total,SV0010,NA,NA,547,cases
2016-04-23,El_Salvador-Sonsonate,Department,cumulative_suspected_total,SV0010,NA,NA,79,cases
2016-04-23,El_Salvador-Usulutan,Department,cumulative_suspected_total,SV0010,NA,NA,142,cases
2016-04-23,El_Salvador-Guatemala,Department,cumulative_suspected_total,SV0010,NA,NA,2,cases
2016-04-23,El_Salvador-Honduras,Department,cumulative_suspected_total,SV0010,NA,NA,1,cases
2016-04-23,El_Salvador,country,cumulative_suspected_total,SV0010,NA,NA,6571,cases
2016-04-23,El_Salvador,country,cumulative_suspected_age_under_1,SV0001,NA,NA,145,cases
2016-04-23,El_Salvador,country,cumulative_suspected_age_1-4,SV0002,NA,NA,332,cases
2016-04-23,El_Salvador,country,cumulative_suspected_age_5-9,SV0003,NA,NA,329,cases
2016-04-23,El_Salvador,country,cumulative_suspected_age_10-19,SV0004,NA,NA,600,cases
2016-04-23,El_Salvador,country,cumulative_suspected_age_20-29,SV0005,NA,NA,1622,cases
2016-04-23,El_Salvador,country,cumulative_suspected_age_30-39,SV0006,NA,NA,1510,cases
2016-04-23,El_Salvador,country,cumulative_suspected_age_40-49,SV0007,NA,NA,1118,cases
2016-04-23,El_Salvador,country,cumulative_suspected_age_50-59,SV0008,NA,NA,635,cases
2016-04-23,El_Salvador,country,cumulative_suspected_age_60_plus,SV0009,NA,NA,280,cases
2016-04-23,El_Salvador-Sonsonate,department,cumulative_suspected_pregnant,SV0011,NA,NA,4,cases
2016-04-23,El_Salvador-San_Miguel,department,cumulative_suspected_pregnant,SV0011,NA,NA,7,cases
2016-04-23,El_Salvador-Cabanas,department,cumulative_suspected_pregnant,SV0011,NA,NA,26,cases
2016-04-23,El_Salvador-Cuscatlan,department,cumulative_suspected_pregnant,SV0011,NA,NA,17,cases
2016-04-23,El_Salvador-San_Salvador,department,cumulative_suspected_pregnant,SV0011,NA,NA,71,cases
2016-04-23,El_Salvador-San_Vicente,department,cumulative_suspected_pregnant,SV0011,NA,NA,18,cases
2016-04-23,El_Salvador-Santa_Ana,department,cumulative_suspected_pregnant,SV0011,NA,NA,12,cases
2016-04-23,El_Salvador-Chalatenango,department,cumulative_suspected_pregnant,SV0011,NA,NA,22,cases
2016-04-23,El_Salvador-La_Libertad,department,cumulative_suspected_pregnant,SV0011,NA,NA,21,cases
2016-04-23,El_Salvador-La_Paz,department,cumulative_suspected_pregnant,SV0011,NA,NA,1,cases
2016-04-23,El_Salvador-Morazan,department,cumulative_suspected_pregnant,SV0011,NA,NA,3,cases
2016-04-23,El_Salvador-Usulutan,department,cumulative_suspected_pregnant,SV0011,NA,NA,7,cases
2016-04-23,El_Salvador-Guatemala,department,cumulative_suspected_pregnant,SV0011,NA,NA,1,cases
2016-04-23,El_Salvador-La_Union,department,cumulative_suspected_pregnant,SV0011,NA,NA,1,cases
2016-04-23,El_Salvador-Ahuachapan,department,cumulative_suspected_pregnant,SV0011,NA,NA,4,cases
2016-04-23,El_Salvador,country,cumulative_suspected_pregnant,SV0011,NA,NA,215,cases
2016-04-23,El_Salvador,country,weekly_hospitalized,SV0013,NA,NA,NA,cases
2016-04-23,El_Salvador,country,cumulative_confirmed,SV0012,NA,NA,43,cases2016-04-23,El_Salvador-Ahuachapan,Department,cumulative_suspected_total,SV0010,NA,NA,138,cases
2016-04-23,El_Salvador-Cabanas,Department,cumulative_suspected_total,SV0010,NA,NA,350,cases
2016-04-23,El_Salvador-Chalatenango,Department,cumulative_suspected_total,SV0010,NA,NA,548,cases
2016-04-23,El_Salvador-Cuscatlan,Department,cumulative_suspected_total,SV0010,NA,NA,547,cases
2016-04-23,El_Salvador-La_Libertad,Department,cumulative_suspected_total,SV0010,NA,NA,1053,cases
2016-04-23,El_Salvador-La_Paz,Department,cumulative_suspected_total,SV0010,NA,NA,138,cases
2016-04-23,El_Salvador-La_Union,Department,cumulative_suspected_total,SV0010,NA,NA,49,cases
2016-04-23,El_Salvador-Morazan,Department,cumulative_suspected_total,SV0010,NA,NA,113,cases
2016-04-23,El_Salvador-San_Miguel,Department,cumulative_suspected_total,SV0010,NA,NA,154,cases
2016-04-23,El_Salvador-San_Salvador,Department,cumulative_suspected_total,SV0010,NA,NA,2477,cases
2016-04-23,El_Salvador-San_Vicente,Department,cumulative_suspected_total,SV0010,NA,NA,293,cases
2016-04-23,El_Salvador-Santa_Ana,Department,cumulative_suspected_total,SV0010,NA,NA,552,cases
2016-04-23,El_Salvador-Sonsonate,Department,cumulative_suspected_total,SV0010,NA,NA,80,cases
2016-04-23,El_Salvador-Usulutan,Department,cumulative_suspected_total,SV0010,NA,NA,144,cases
2016-04-23,El_Salvador-Guatemala,Department,cumulative_suspected_total,SV0010,NA,NA,3,cases
2016-04-23,El_Salvador-Honduras,Department,cumulative_suspected_total,SV0010,NA,NA,1,cases
2016-04-23,El_Salvador,country,cumulative_suspected_total,SV0010,NA,NA,6640,cases
2016-04-23,El_Salvador,country,cumulative_suspected_age_under_1,SV0001,NA,NA,149,cases
2016-04-23,El_Salvador,country,cumulative_suspected_age_1-4,SV0002,NA,NA,333,cases
2016-04-23,El_Salvador,country,cumulative_suspected_age_5-9,SV0003,NA,NA,332,cases
2016-04-23,El_Salvador,country,cumulative_suspected_age_10-19,SV0004,NA,NA,606,cases
2016-04-23,El_Salvador,country,cumulative_suspected_age_20-29,SV0005,NA,NA,1640,cases
2016-04-23,El_Salvador,country,cumulative_suspected_age_30-39,SV0006,NA,NA,1523,cases
2016-04-23,El_Salvador,country,cumulative_suspected_age_40-49,SV0007,NA,NA,1133,cases
2016-04-23,El_Salvador,country,cumulative_suspected_age_50-59,SV0008,NA,NA,640,cases
2016-04-23,El_Salvador,country,cumulative_suspected_age_60_plus,SV0009,NA,NA,284,cases
2016-04-23,El_Salvador-Sonsonate,department,cumulative_suspected_pregnant,SV0011,NA,NA,5,cases
2016-04-23,El_Salvador-San_Miguel,department,cumulative_suspected_pregnant,SV0011,NA,NA,9,cases
2016-04-23,El_Salvador-Cabanas,department,cumulative_suspected_pregnant,SV0011,NA,NA,26,cases
2016-04-23,El_Salvador-Cuscatlan,department,cumulative_suspected_pregnant,SV0011,NA,NA,18,cases
2016-04-23,El_Salvador-San_Salvador,department,cumulative_suspected_pregnant,SV0011,NA,NA,74,cases
2016-04-23,El_Salvador-San_Vicente,department,cumulative_suspected_pregnant,SV0011,NA,NA,18,cases
2016-04-23,El_Salvador-Santa_Ana,department,cumulative_suspected_pregnant,SV0011,NA,NA,13,cases
2016-04-23,El_Salvador-Chalatenango,department,cumulative_suspected_pregnant,SV0011,NA,NA,22,cases
2016-04-23,El_Salvador-La_Libertad,department,cumulative_suspected_pregnant,SV0011,NA,NA,21,cases
2016-04-23,El_Salvador-La_Paz,department,cumulative_suspected_pregnant,SV0011,NA,NA,1,cases
2016-04-23,El_Salvador-Morazan,department,cumulative_suspected_pregnant,SV0011,NA,NA,3,cases
2016-04-23,El_Salvador-Usulutan,department,cumulative_suspected_pregnant,SV0011,NA,NA,8,cases
2016-04-23,El_Salvador-Guatemala,department,cumulative_suspected_pregnant,SV0011,NA,NA,1,cases
2016-04-23,El_Salvador-La_Union,department,cumulative_suspected_pregnant,SV0011,NA,NA,2,cases
2016-04-23,El_Salvador-Ahuachapan,department,cumulative_suspected_pregnant,SV0011,NA,NA,3,cases
2016-04-23,El_Salvador,country,cumulative_suspected_pregnant,SV0011,NA,NA,224,cases
2016-04-23,El_Salvador,country,weekly_hospitalized,SV0013,NA,NA,NA,cases
2016-04-23,El_Salvador,country,cumulative_confirmed,SV0012,NA,NA,43,cases